Country ,Year,GDPPC
Afghanistan,2000,NA
Afghanistan,2001,NA
Afghanistan,2002,179
Afghanistan,2003,191
Afghanistan,2004,211
Afghanistan,2005,242
Afghanistan,2006,264
Afghanistan,2007,360
Afghanistan,2008,365
Afghanistan,2009,438
Afghanistan,2010,543
Afghanistan,2011,591
Afghanistan,2012,642
Afghanistan,2013,637
Afghanistan,2014,614
Afghanistan,2015,578
Afghanistan,2016,509
Afghanistan,2017,520
Afghanistan,2018,494
Afghanistan,2019,507
Afghanistan,2020,509
Albania,2000,1127
Albania,2001,1282
Albania,2002,1425
Albania,2003,1846
Albania,2004,2374
Albania,2005,2674
Albania,2006,2973
Albania,2007,3595
Albania,2008,4371
Albania,2009,4114
Albania,2010,4094
Albania,2011,4437
Albania,2012,4248
Albania,2013,4413
Albania,2014,4579
Albania,2015,3953
Albania,2016,4124
Albania,2017,4531
Albania,2018,5284
Albania,2019,5356
Albania,2020,5215
Algeria,2000,1765
Algeria,2001,1741
Algeria,2002,1782
Algeria,2003,2103
Algeria,2004,2610
Algeria,2005,3113
Algeria,2006,3479
Algeria,2007,3951
Algeria,2008,4924
Algeria,2009,3883
Algeria,2010,4481
Algeria,2011,5456
Algeria,2012,5592
Algeria,2013,5500
Algeria,2014,5493
Algeria,2015,4178
Algeria,2016,3946
Algeria,2017,4110
Algeria,2018,4154
Algeria,2019,3976
Algeria,2020,3310
American Samoa,2000,NA
American Samoa,2001,NA
American Samoa,2002,8667
American Samoa,2003,8807
American Samoa,2004,8528
American Samoa,2005,8395
American Samoa,2006,8341
American Samoa,2007,8875
American Samoa,2008,9741
American Samoa,2009,11910
American Samoa,2010,10217
American Samoa,2011,10223
American Samoa,2012,11497
American Samoa,2013,11451
American Samoa,2014,11525
American Samoa,2015,12060
American Samoa,2016,12038
American Samoa,2017,11004
American Samoa,2018,11558
American Samoa,2019,11535
American Samoa,2020,NA
Andorra,2000,21854
Andorra,2001,22971
Andorra,2002,25067
Andorra,2003,32273
Andorra,2004,37966
Andorra,2005,40064
Andorra,2006,42675
Andorra,2007,47805
Andorra,2008,48720
Andorra,2009,43504
Andorra,2010,40850
Andorra,2011,43335
Andorra,2012,38686
Andorra,2013,39541
Andorra,2014,41304
Andorra,2015,35771
Andorra,2016,37476
Andorra,2017,38965
Andorra,2018,41792
Andorra,2019,40897
Andorra,2020,NA
Angola,2000,557
Angola,2001,527
Angola,2002,872
Angola,2003,983
Angola,2004,1256
Angola,2005,1902
Angola,2006,2600
Angola,2007,3122
Angola,2008,4081
Angola,2009,3123
Angola,2010,3588
Angola,2011,4615
Angola,2012,5100
Angola,2013,5255
Angola,2014,5408
Angola,2015,4167
Angola,2016,3506
Angola,2017,4096
Angola,2018,3290
Angola,2019,2810
Angola,2020,1896
Antigua and Barbuda,2000,10872
Antigua and Barbuda,2001,10367
Antigua and Barbuda,2002,10401
Antigua and Barbuda,2003,10798
Antigua and Barbuda,2004,11447
Antigua and Barbuda,2005,12558
Antigua and Barbuda,2006,13996
Antigua and Barbuda,2007,15623
Antigua and Barbuda,2008,16044
Antigua and Barbuda,2009,14161
Antigua and Barbuda,2010,13049
Antigua and Barbuda,2011,12747
Antigua and Barbuda,2012,13273
Antigua and Barbuda,2013,12911
Antigua and Barbuda,2014,13502
Antigua and Barbuda,2015,14285
Antigua and Barbuda,2016,15199
Antigua and Barbuda,2017,15384
Antigua and Barbuda,2018,16673
Antigua and Barbuda,2019,17113
Antigua and Barbuda,2020,14450
Argentina,2000,7708
Argentina,2001,7208
Argentina,2002,2593
Argentina,2003,3350
Argentina,2004,4278
Argentina,2005,5110
Argentina,2006,5919
Argentina,2007,7245
Argentina,2008,9021
Argentina,2009,8225
Argentina,2010,10386
Argentina,2011,12849
Argentina,2012,13083
Argentina,2013,13080
Argentina,2014,12335
Argentina,2015,13789
Argentina,2016,12790
Argentina,2017,14613
Argentina,2018,11633
Argentina,2019,9912
Argentina,2020,8442
Armenia,2000,623
Armenia,2001,694
Armenia,2002,783
Armenia,2003,930
Armenia,2004,1192
Armenia,2005,1644
Armenia,2006,2158
Armenia,2007,3139
Armenia,2008,4011
Armenia,2009,2994
Armenia,2010,3218
Armenia,2011,3526
Armenia,2012,3682
Armenia,2013,3838
Armenia,2014,3986
Armenia,2015,3607
Armenia,2016,3592
Armenia,2017,3915
Armenia,2018,4221
Armenia,2019,4623
Armenia,2020,4267
Aruba,2000,20618
Aruba,2001,20670
Aruba,2002,20437
Aruba,2003,20834
Aruba,2004,22568
Aruba,2005,23301
Aruba,2006,24046
Aruba,2007,25834
Aruba,2008,27084
Aruba,2009,24631
Aruba,2010,23514
Aruba,2011,24985
Aruba,2012,24712
Aruba,2013,26442
Aruba,2014,26893
Aruba,2015,28397
Aruba,2016,28452
Aruba,2017,29351
Aruba,2018,30253
Aruba,2019,NA
Aruba,2020,NA
Australia,2000,21679
Australia,2001,19491
Australia,2002,20082
Australia,2003,23447
Australia,2004,30431
Australia,2005,33999
Australia,2006,36045
Australia,2007,40960
Australia,2008,49602
Australia,2009,42772
Australia,2010,52022
Australia,2011,62518
Australia,2012,68012
Australia,2013,68150
Australia,2014,62511
Australia,2015,56756
Australia,2016,49971
Australia,2017,54028
Australia,2018,57355
Australia,2019,55057
Australia,2020,51812
Austria,2000,24564
Austria,2001,24538
Austria,2002,26402
Austria,2003,32223
Austria,2004,36822
Austria,2005,38403
Austria,2006,40635
Austria,2007,46856
Austria,2008,51709
Austria,2009,47963
Austria,2010,46858
Austria,2011,51375
Austria,2012,48568
Austria,2013,50717
Austria,2014,51717
Austria,2015,44178
Austria,2016,45277
Austria,2017,47309
Austria,2018,51453
Austria,2019,50122
Austria,2020,48105
Azerbaijan,2000,655
Azerbaijan,2001,704
Azerbaijan,2002,763
Azerbaijan,2003,884
Azerbaijan,2004,1045
Azerbaijan,2005,1578
Azerbaijan,2006,2473
Azerbaijan,2007,3851
Azerbaijan,2008,5575
Azerbaijan,2009,4950
Azerbaijan,2010,5844
Azerbaijan,2011,7190
Azerbaijan,2012,7496
Azerbaijan,2013,7876
Azerbaijan,2014,7891
Azerbaijan,2015,5500
Azerbaijan,2016,3881
Azerbaijan,2017,4147
Azerbaijan,2018,4740
Azerbaijan,2019,4806
Azerbaijan,2020,4214
"Bahamas, The",2000,27098
"Bahamas, The",2001,27486
"Bahamas, The",2002,28867
"Bahamas, The",2003,28328
"Bahamas, The",2004,28396
"Bahamas, The",2005,30279
"Bahamas, The",2006,30714
"Bahamas, The",2007,31472
"Bahamas, The",2008,30627
"Bahamas, The",2009,28553
"Bahamas, The",2010,28444
"Bahamas, The",2011,28006
"Bahamas, The",2012,29486
"Bahamas, The",2013,28784
"Bahamas, The",2014,29981
"Bahamas, The",2015,31296
"Bahamas, The",2016,31563
"Bahamas, The",2017,32720
"Bahamas, The",2018,33768
"Bahamas, The",2019,34863
"Bahamas, The",2020,28608
Bahrain,2000,13636
Bahrain,2001,12868
Bahrain,2002,13050
Bahrain,2003,14222
Bahrain,2004,15847
Bahrain,2005,17959
Bahrain,2006,19308
Bahrain,2007,20976
Bahrain,2008,23066
Bahrain,2009,19356
Bahrain,2010,20722
Bahrain,2011,22514
Bahrain,2012,23654
Bahrain,2013,24744
Bahrain,2014,24989
Bahrain,2015,22634
Bahrain,2016,22608
Bahrain,2017,23743
Bahrain,2018,23991
Bahrain,2019,23443
Bahrain,2020,NA
Bangladesh,2000,418
Bangladesh,2001,415
Bangladesh,2002,413
Bangladesh,2003,446
Bangladesh,2004,475
Bangladesh,2005,499
Bangladesh,2006,510
Bangladesh,2007,558
Bangladesh,2008,635
Bangladesh,2009,702
Bangladesh,2010,781
Bangladesh,2011,862
Bangladesh,2012,883
Bangladesh,2013,982
Bangladesh,2014,1119
Bangladesh,2015,1248
Bangladesh,2016,1402
Bangladesh,2017,1564
Bangladesh,2018,1698
Bangladesh,2019,1856
Bangladesh,2020,1969
Barbados,2000,11268
Barbados,2001,11209
Barbados,2002,11362
Barbados,2003,11699
Barbados,2004,12513
Barbados,2005,13823
Barbados,2006,15200
Barbados,2007,16771
Barbados,2008,17093
Barbados,2009,15885
Barbados,2010,16056
Barbados,2011,16458
Barbados,2012,16250
Barbados,2013,16451
Barbados,2014,16489
Barbados,2015,16525
Barbados,2016,16900
Barbados,2017,17392
Barbados,2018,17745
Barbados,2019,18148
Barbados,2020,15191
Belarus,2000,1276
Belarus,2001,1244
Belarus,2002,1479
Belarus,2003,1820
Belarus,2004,2379
Belarus,2005,3126
Belarus,2006,3847
Belarus,2007,4736
Belarus,2008,6377
Belarus,2009,5351
Belarus,2010,6029
Belarus,2011,6519
Belarus,2012,6940
Belarus,2013,7979
Belarus,2014,8319
Belarus,2015,5949
Belarus,2016,5023
Belarus,2017,5762
Belarus,2018,6330
Belarus,2019,6839
Belarus,2020,6411
Belgium,2000,23042
Belgium,2001,22995
Belgium,2002,24888
Belgium,2003,30588
Belgium,2004,35364
Belgium,2005,36796
Belgium,2006,38673
Belgium,2007,44263
Belgium,2008,48107
Belgium,2009,44584
Belgium,2010,44142
Belgium,2011,47349
Belgium,2012,44673
Belgium,2013,46745
Belgium,2014,47701
Belgium,2015,40992
Belgium,2016,41984
Belgium,2017,44089
Belgium,2018,47555
Belgium,2019,46414
Belgium,2020,44594
Belize,2000,3364
Belize,2001,3404
Belize,2002,3526
Belize,2003,3651
Belize,2004,3802
Belize,2005,3885
Belize,2006,4155
Belize,2007,4252
Belize,2008,4404
Belize,2009,4187
Belize,2010,4271
Belize,2011,4423
Belize,2012,4506
Belize,2013,4569
Belize,2014,4718
Belize,2015,4770
Belize,2016,4857
Belize,2017,4946
Belize,2018,5001
Belize,2019,5079
Belize,2020,4436
Benin,2000,513
Benin,2001,518
Benin,2002,575
Benin,2003,711
Benin,2004,799
Benin,2005,823
Benin,2006,856
Benin,2007,966
Benin,2008,1125
Benin,2009,1089
Benin,2010,1037
Benin,2011,1130
Benin,2012,1145
Benin,2013,1251
Benin,2014,1291
Benin,2015,1077
Benin,2016,1087
Benin,2017,1137
Benin,2018,1241
Benin,2019,1220
Benin,2020,1291
Bermuda,2000,56284
Bermuda,2001,58884
Bermuda,2002,62583
Bermuda,2003,66112
Bermuda,2004,70359
Bermuda,2005,75882
Bermuda,2006,95222
Bermuda,2007,104287
Bermuda,2008,106935
Bermuda,2009,101408
Bermuda,2010,101875
Bermuda,2011,97774
Bermuda,2012,98432
Bermuda,2013,99472
Bermuda,2014,98468
Bermuda,2015,102006
Bermuda,2016,106886
Bermuda,2017,111821
Bermuda,2018,113023
Bermuda,2019,117098
Bermuda,2020,NA
Bhutan,2000,718
Bhutan,2001,764
Bhutan,2002,846
Bhutan,2003,962
Bhutan,2004,1068
Bhutan,2005,1228
Bhutan,2006,1331
Bhutan,2007,1757
Bhutan,2008,1828
Bhutan,2009,1819
Bhutan,2010,2258
Bhutan,2011,2563
Bhutan,2012,2539
Bhutan,2013,2473
Bhutan,2014,2652
Bhutan,2015,2753
Bhutan,2016,2931
Bhutan,2017,3287
Bhutan,2018,3243
Bhutan,2019,3316
Bhutan,2020,3122
Bolivia,2000,998
Bolivia,2001,949
Bolivia,2002,904
Bolivia,2003,908
Bolivia,2004,967
Bolivia,2005,1034
Bolivia,2006,1219
Bolivia,2007,1373
Bolivia,2008,1715
Bolivia,2009,1754
Bolivia,2010,1955
Bolivia,2011,2346
Bolivia,2012,2610
Bolivia,2013,2908
Bolivia,2014,3082
Bolivia,2015,3036
Bolivia,2016,3077
Bolivia,2017,3351
Bolivia,2018,3549
Bolivia,2019,3552
Bolivia,2020,3143
Bosnia and Herzegovina,2000,1468
Bosnia and Herzegovina,2001,1531
Bosnia and Herzegovina,2002,1769
Bosnia and Herzegovina,2003,2225
Bosnia and Herzegovina,2004,2815
Bosnia and Herzegovina,2005,2981
Bosnia and Herzegovina,2006,3417
Bosnia and Herzegovina,2007,4193
Bosnia and Herzegovina,2008,5091
Bosnia and Herzegovina,2009,4715
Bosnia and Herzegovina,2010,4636
Bosnia and Herzegovina,2011,5093
Bosnia and Herzegovina,2012,4779
Bosnia and Herzegovina,2013,5131
Bosnia and Herzegovina,2014,5330
Bosnia and Herzegovina,2015,4727
Bosnia and Herzegovina,2016,4995
Bosnia and Herzegovina,2017,5395
Bosnia and Herzegovina,2018,6072
Bosnia and Herzegovina,2019,6120
Bosnia and Herzegovina,2020,6032
Botswana,2000,3522
Botswana,2001,3278
Botswana,2002,3191
Botswana,2003,4331
Botswana,2004,5074
Botswana,2005,5513
Botswana,2006,5522
Botswana,2007,5833
Botswana,2008,5714
Botswana,2009,5256
Botswana,2010,6435
Botswana,2011,7617
Botswana,2012,7051
Botswana,2013,7225
Botswana,2014,7781
Botswana,2015,6800
Botswana,2016,7244
Botswana,2017,7893
Botswana,2018,8280
Botswana,2019,7971
Botswana,2020,6711
Brazil,2000,3750
Brazil,2001,3157
Brazil,2002,2829
Brazil,2003,3071
Brazil,2004,3637
Brazil,2005,4790
Brazil,2006,5886
Brazil,2007,7348
Brazil,2008,8831
Brazil,2009,8598
Brazil,2010,11286
Brazil,2011,13246
Brazil,2012,12370
Brazil,2013,12300
Brazil,2014,12113
Brazil,2015,8814
Brazil,2016,8710
Brazil,2017,9929
Brazil,2018,9151
Brazil,2019,8897
Brazil,2020,6797
British Virgin Islands,2000,NA
British Virgin Islands,2001,NA
British Virgin Islands,2002,NA
British Virgin Islands,2003,NA
British Virgin Islands,2004,NA
British Virgin Islands,2005,NA
British Virgin Islands,2006,NA
British Virgin Islands,2007,NA
British Virgin Islands,2008,NA
British Virgin Islands,2009,NA
British Virgin Islands,2010,NA
British Virgin Islands,2011,NA
British Virgin Islands,2012,NA
British Virgin Islands,2013,NA
British Virgin Islands,2014,NA
British Virgin Islands,2015,NA
British Virgin Islands,2016,NA
British Virgin Islands,2017,NA
British Virgin Islands,2018,NA
British Virgin Islands,2019,NA
British Virgin Islands,2020,NA
Brunei Darussalam,2000,18013
Brunei Darussalam,2001,16472
Brunei Darussalam,2002,16850
Brunei Darussalam,2003,18561
Brunei Darussalam,2004,21902
Brunei Darussalam,2005,26105
Brunei Darussalam,2006,30980
Brunei Darussalam,2007,32663
Brunei Darussalam,2008,37935
Brunei Darussalam,2009,27956
Brunei Darussalam,2010,35271
Brunei Darussalam,2011,47056
Brunei Darussalam,2012,47740
Brunei Darussalam,2013,44741
Brunei Darussalam,2014,41726
Brunei Darussalam,2015,31164
Brunei Darussalam,2016,27158
Brunei Darussalam,2017,28572
Brunei Darussalam,2018,31628
Brunei Darussalam,2019,31086
Brunei Darussalam,2020,27466
Bulgaria,2000,1621
Bulgaria,2001,1771
Bulgaria,2002,2093
Bulgaria,2003,2719
Bulgaria,2004,3390
Bulgaria,2005,3900
Bulgaria,2006,4523
Bulgaria,2007,5885
Bulgaria,2008,7266
Bulgaria,2009,6988
Bulgaria,2010,6812
Bulgaria,2011,7809
Bulgaria,2012,7396
Bulgaria,2013,7655
Bulgaria,2014,7877
Bulgaria,2015,7056
Bulgaria,2016,7549
Bulgaria,2017,8334
Bulgaria,2018,9428
Bulgaria,2019,9828
Bulgaria,2020,9976
Burkina Faso,2000,256
Burkina Faso,2001,267
Burkina Faso,2002,295
Burkina Faso,2003,375
Burkina Faso,2004,418
Burkina Faso,2005,458
Burkina Faso,2006,473
Burkina Faso,2007,535
Burkina Faso,2008,643
Burkina Faso,2009,624
Burkina Faso,2010,648
Burkina Faso,2011,751
Burkina Faso,2012,758
Burkina Faso,2013,787
Burkina Faso,2014,793
Burkina Faso,2015,653
Burkina Faso,2016,688
Burkina Faso,2017,735
Burkina Faso,2018,813
Burkina Faso,2019,787
Burkina Faso,2020,831
Burundi,2000,136
Burundi,2001,134
Burundi,2002,123
Burundi,2003,114
Burundi,2004,128
Burundi,2005,152
Burundi,2006,167
Burundi,2007,172
Burundi,2008,198
Burundi,2009,212
Burundi,2010,234
Burundi,2011,250
Burundi,2012,252
Burundi,2013,257
Burundi,2014,275
Burundi,2015,306
Burundi,2016,282
Burundi,2017,293
Burundi,2018,272
Burundi,2019,261
Burundi,2020,274
Cabo Verde,2000,1259
Cabo Verde,2001,1292
Cabo Verde,2002,1402
Cabo Verde,2003,1809
Cabo Verde,2004,2024
Cabo Verde,2005,2099
Cabo Verde,2006,2361
Cabo Verde,2007,3187
Cabo Verde,2008,3721
Cabo Verde,2009,3517
Cabo Verde,2010,3378
Cabo Verde,2011,3740
Cabo Verde,2012,3447
Cabo Verde,2013,3616
Cabo Verde,2014,3589
Cabo Verde,2015,3043
Cabo Verde,2016,3131
Cabo Verde,2017,3293
Cabo Verde,2018,3617
Cabo Verde,2019,3604
Cabo Verde,2020,3064
Cambodia,2000,301
Cambodia,2001,321
Cambodia,2002,339
Cambodia,2003,362
Cambodia,2004,409
Cambodia,2005,474
Cambodia,2006,540
Cambodia,2007,632
Cambodia,2008,746
Cambodia,2009,738
Cambodia,2010,786
Cambodia,2011,882
Cambodia,2012,951
Cambodia,2013,1013
Cambodia,2014,1093
Cambodia,2015,1163
Cambodia,2016,1270
Cambodia,2017,1385
Cambodia,2018,1512
Cambodia,2019,1643
Cambodia,2020,1513
Cameroon,2000,652
Cameroon,2001,652
Cameroon,2002,711
Cameroon,2003,868
Cameroon,2004,1012
Cameroon,2005,1012
Cameroon,2006,1063
Cameroon,2007,1196
Cameroon,2008,1377
Cameroon,2009,1320
Cameroon,2010,1287
Cameroon,2011,1405
Cameroon,2012,1355
Cameroon,2013,1466
Cameroon,2014,1543
Cameroon,2015,1328
Cameroon,2016,1364
Cameroon,2017,1425
Cameroon,2018,1534
Cameroon,2019,1507
Cameroon,2020,1499
Canada,2000,24271
Canada,2001,23822
Canada,2002,24255
Canada,2003,28300
Canada,2004,32144
Canada,2005,36383
Canada,2006,40504
Canada,2007,44660
Canada,2008,46711
Canada,2009,40876
Canada,2010,47562
Canada,2011,52224
Canada,2012,52669
Canada,2013,52635
Canada,2014,50956
Canada,2015,43596
Canada,2016,42316
Canada,2017,45129
Canada,2018,46455
Canada,2019,46327
Canada,2020,43242
Cayman Islands,2000,NA
Cayman Islands,2001,NA
Cayman Islands,2002,NA
Cayman Islands,2003,NA
Cayman Islands,2004,NA
Cayman Islands,2005,NA
Cayman Islands,2006,82802
Cayman Islands,2007,85433
Cayman Islands,2008,85188
Cayman Islands,2009,77400
Cayman Islands,2010,73352
Cayman Islands,2011,72330
Cayman Islands,2012,72777
Cayman Islands,2013,73515
Cayman Islands,2014,74990
Cayman Islands,2015,76284
Cayman Islands,2016,78472
Cayman Islands,2017,81513
Cayman Islands,2018,86060
Cayman Islands,2019,91393
Cayman Islands,2020,NA
Central African Republic,2000,251
Central African Republic,2001,250
Central African Republic,2002,261
Central African Republic,2003,294
Central African Republic,2004,321
Central African Republic,2005,331
Central African Republic,2006,355
Central African Republic,2007,404
Central African Republic,2008,465
Central African Republic,2009,475
Central African Republic,2010,488
Central African Republic,2011,552
Central African Republic,2012,566
Central African Republic,2013,380
Central African Republic,2014,424
Central African Republic,2015,377
Central African Republic,2016,402
Central African Republic,2017,451
Central African Republic,2018,476
Central African Republic,2019,468
Central African Republic,2020,477
Chad,2000,166
Chad,2001,197
Chad,2002,221
Chad,2003,293
Chad,2004,454
Chad,2005,659
Chad,2006,710
Chad,2007,800
Chad,2008,929
Chad,2009,804
Chad,2010,893
Chad,2011,985
Chad,2012,967
Chad,2013,980
Chad,2014,1020
Chad,2015,776
Chad,2016,693
Chad,2017,666
Chad,2018,726
Chad,2019,710
Chad,2020,614
Channel Islands,2000,43383
Channel Islands,2001,41804
Channel Islands,2002,44546
Channel Islands,2003,48859
Channel Islands,2004,56751
Channel Islands,2005,58199
Channel Islands,2006,63243
Channel Islands,2007,74459
Channel Islands,2008,NA
Channel Islands,2009,NA
Channel Islands,2010,NA
Channel Islands,2011,NA
Channel Islands,2012,NA
Channel Islands,2013,NA
Channel Islands,2014,NA
Channel Islands,2015,NA
Channel Islands,2016,NA
Channel Islands,2017,NA
Channel Islands,2018,NA
Channel Islands,2019,NA
Channel Islands,2020,NA
Chile,2000,5075
Chile,2001,4575
Chile,2002,4446
Chile,2003,4773
Chile,2004,6195
Chile,2005,7599
Chile,2006,9465
Chile,2007,10502
Chile,2008,10751
Chile,2009,10209
Chile,2010,12808
Chile,2011,14637
Chile,2012,15352
Chile,2013,15843
Chile,2014,14671
Chile,2015,13574
Chile,2016,13754
Chile,2017,14999
Chile,2018,15888
Chile,2019,14742
Chile,2020,13232
China,2000,959
China,2001,1053
China,2002,1149
China,2003,1289
China,2004,1509
China,2005,1753
China,2006,2099
China,2007,2694
China,2008,3468
China,2009,3832
China,2010,4550
China,2011,5618
China,2012,6317
China,2013,7051
China,2014,7679
China,2015,8067
China,2016,8148
China,2017,8879
China,2018,9977
China,2019,10217
China,2020,10500
Colombia,2000,2520
Colombia,2001,2440
Colombia,2002,2397
Colombia,2003,2281
Colombia,2004,2783
Colombia,2005,3414
Colombia,2006,3741
Colombia,2007,4714
Colombia,2008,5473
Colombia,2009,5193
Colombia,2010,6337
Colombia,2011,7335
Colombia,2012,8050
Colombia,2013,8218
Colombia,2014,8114
Colombia,2015,6176
Colombia,2016,5871
Colombia,2017,6377
Colombia,2018,6730
Colombia,2019,6425
Colombia,2020,5333
Comoros,2000,647
Comoros,2001,681
Comoros,2002,748
Comoros,2003,938
Comoros,2004,1061
Comoros,2005,1069
Comoros,2006,1115
Comoros,2007,1240
Comoros,2008,1393
Comoros,2009,1345
Comoros,2010,1316
Comoros,2011,1448
Comoros,2012,1403
Comoros,2013,1505
Comoros,2014,1514
Comoros,2015,1243
Comoros,2016,1273
Comoros,2017,1324
Comoros,2018,1416
Comoros,2019,1370
Comoros,2020,1403
"Congo, Dem. Rep.",2000,405
"Congo, Dem. Rep.",2001,154
"Congo, Dem. Rep.",2002,175
"Congo, Dem. Rep.",2003,174
"Congo, Dem. Rep.",2004,194
"Congo, Dem. Rep.",2005,218
"Congo, Dem. Rep.",2006,255
"Congo, Dem. Rep.",2007,286
"Congo, Dem. Rep.",2008,328
"Congo, Dem. Rep.",2009,299
"Congo, Dem. Rep.",2010,334
"Congo, Dem. Rep.",2011,387
"Congo, Dem. Rep.",2012,425
"Congo, Dem. Rep.",2013,458
"Congo, Dem. Rep.",2014,487
"Congo, Dem. Rep.",2015,497
"Congo, Dem. Rep.",2016,471
"Congo, Dem. Rep.",2017,467
"Congo, Dem. Rep.",2018,557
"Congo, Dem. Rep.",2019,581
"Congo, Dem. Rep.",2020,557
"Congo, Rep.",2000,1032
"Congo, Rep.",2001,869
"Congo, Rep.",2002,917
"Congo, Rep.",2003,1028
"Congo, Rep.",2004,1327
"Congo, Rep.",2005,1835
"Congo, Rep.",2006,2153
"Congo, Rep.",2007,2263
"Congo, Rep.",2008,2892
"Congo, Rep.",2009,2336
"Congo, Rep.",2010,3074
"Congo, Rep.",2011,3558
"Congo, Rep.",2012,3923
"Congo, Rep.",2013,3884
"Congo, Rep.",2014,3776
"Congo, Rep.",2015,2448
"Congo, Rep.",2016,2039
"Congo, Rep.",2017,2174
"Congo, Rep.",2018,2601
"Congo, Rep.",2019,2359
"Congo, Rep.",2020,1973
Costa Rica,2000,3789
Costa Rica,2001,3960
Costa Rica,2002,4043
Costa Rica,2003,4148
Costa Rica,2004,4405
Costa Rica,2005,4676
Costa Rica,2006,5227
Costa Rica,2007,6104
Costa Rica,2008,6901
Costa Rica,2009,6801
Costa Rica,2010,8227
Costa Rica,2011,9230
Costa Rica,2012,10075
Costa Rica,2013,10744
Costa Rica,2014,10847
Costa Rica,2015,11643
Costa Rica,2016,12011
Costa Rica,2017,12226
Costa Rica,2018,12469
Costa Rica,2019,12670
Costa Rica,2020,12077
Cote d'Ivoire,2000,653
Cote d'Ivoire,2001,665
Cote d'Ivoire,2002,720
Cote d'Ivoire,2003,872
Cote d'Ivoire,2004,923
Cote d'Ivoire,2005,931
Cote d'Ivoire,2006,950
Cote d'Ivoire,2007,1063
Cote d'Ivoire,2008,1241
Cote d'Ivoire,2009,1215
Cote d'Ivoire,2010,1213
Cote d'Ivoire,2011,1209
Cote d'Ivoire,2012,1243
Cote d'Ivoire,2013,1416
Cote d'Ivoire,2014,1561
Cote d'Ivoire,2015,1973
Cote d'Ivoire,2016,2013
Cote d'Ivoire,2017,2111
Cote d'Ivoire,2018,2314
Cote d'Ivoire,2019,2276
Cote d'Ivoire,2020,2326
Croatia,2000,4842
Croatia,2001,5362
Croatia,2002,6233
Croatia,2003,8059
Croatia,2004,9661
Croatia,2005,10528
Croatia,2006,11696
Croatia,2007,13937
Croatia,2008,16297
Croatia,2009,14541
Croatia,2010,13949
Croatia,2011,14610
Croatia,2012,13258
Croatia,2013,13674
Croatia,2014,13599
Croatia,2015,11782
Croatia,2016,12361
Croatia,2017,13452
Croatia,2018,15014
Croatia,2019,14944
Croatia,2020,13828
Cuba,2000,2747
Cuba,2001,2838
Cuba,2002,2999
Cuba,2003,3197
Cuba,2004,3396
Cuba,2005,3787
Cuba,2006,4684
Cuba,2007,5209
Cuba,2008,5411
Cuba,2009,5530
Cuba,2010,5730
Cuba,2011,6140
Cuba,2012,6497
Cuba,2013,6838
Cuba,2014,7133
Cuba,2015,7694
Cuba,2016,8061
Cuba,2017,8541
Cuba,2018,8824
Cuba,2019,9100
Cuba,2020,NA
Curacao,2000,NA
Curacao,2001,NA
Curacao,2002,NA
Curacao,2003,NA
Curacao,2004,NA
Curacao,2005,NA
Curacao,2006,NA
Curacao,2007,NA
Curacao,2008,NA
Curacao,2009,NA
Curacao,2010,NA
Curacao,2011,20146
Curacao,2012,20587
Curacao,2013,20463
Curacao,2014,20258
Curacao,2015,19951
Curacao,2016,19555
Curacao,2017,19458
Curacao,2018,19631
Curacao,2019,19701
Curacao,2020,NA
Cyprus,2000,14388
Cyprus,2001,14821
Cyprus,2002,16093
Cyprus,2003,20252
Cyprus,2004,23793
Cyprus,2005,24959
Cyprus,2006,26729
Cyprus,2007,31245
Cyprus,2008,35397
Cyprus,2009,32109
Cyprus,2010,31024
Cyprus,2011,32396
Cyprus,2012,28912
Cyprus,2013,27729
Cyprus,2014,27163
Cyprus,2015,23408
Cyprus,2016,24606
Cyprus,2017,26444
Cyprus,2018,29089
Cyprus,2019,28288
Cyprus,2020,26624
Czech Republic,2000,6029
Czech Republic,2001,6637
Czech Republic,2002,8061
Czech Republic,2003,9819
Czech Republic,2004,11750
Czech Republic,2005,13431
Czech Republic,2006,15262
Czech Republic,2007,18467
Czech Republic,2008,22805
Czech Republic,2009,19862
Czech Republic,2010,19960
Czech Republic,2011,21871
Czech Republic,2012,19871
Czech Republic,2013,20133
Czech Republic,2014,19891
Czech Republic,2015,17830
Czech Republic,2016,18575
Czech Republic,2017,20636
Czech Republic,2018,23420
Czech Republic,2019,23490
Czech Republic,2020,22762
Denmark,2000,30744
Denmark,2001,30752
Denmark,2002,33229
Denmark,2003,40459
Denmark,2004,46512
Denmark,2005,48800
Denmark,2006,52027
Denmark,2007,58487
Denmark,2008,64322
Denmark,2009,58163
Denmark,2010,58041
Denmark,2011,61754
Denmark,2012,58508
Denmark,2013,61191
Denmark,2014,62549
Denmark,2015,53255
Denmark,2016,54664
Denmark,2017,57610
Denmark,2018,61599
Denmark,2019,60213
Denmark,2020,60909
Djibouti,2000,768
Djibouti,2001,781
Djibouti,2002,791
Djibouti,2003,819
Djibouti,2004,863
Djibouti,2005,905
Djibouti,2006,968
Djibouti,2007,1053
Djibouti,2008,1224
Djibouti,2009,1267
Djibouti,2010,1343
Djibouti,2011,1452
Djibouti,2012,1559
Djibouti,2013,2313
Djibouti,2014,2464
Djibouti,2015,2659
Djibouti,2016,2802
Djibouti,2017,2914
Djibouti,2018,3142
Djibouti,2019,3415
Djibouti,2020,3426
Dominica,2000,4788
Dominica,2001,4883
Dominica,2002,4771
Dominica,2003,4897
Dominica,2004,5217
Dominica,2005,5161
Dominica,2006,5518
Dominica,2007,5952
Dominica,2008,6469
Dominica,2009,6903
Dominica,2010,6967
Dominica,2011,7065
Dominica,2012,6849
Dominica,2013,7016
Dominica,2014,7317
Dominica,2015,7597
Dominica,2016,8081
Dominica,2017,7275
Dominica,2018,7694
Dominica,2019,8002
Dominica,2020,6527
Dominican Republic,2000,2869
Dominican Republic,2001,2977
Dominican Republic,2002,3110
Dominican Republic,2003,2418
Dominican Republic,2004,2487
Dominican Republic,2005,3933
Dominican Republic,2006,4109
Dominican Republic,2007,4708
Dominican Republic,2008,5088
Dominican Republic,2009,5039
Dominican Republic,2010,5555
Dominican Republic,2011,5913
Dominican Republic,2012,6110
Dominican Republic,2013,6238
Dominican Republic,2014,6609
Dominican Republic,2015,6922
Dominican Republic,2016,7281
Dominican Republic,2017,7609
Dominican Republic,2018,8051
Dominican Republic,2019,8282
Dominican Republic,2020,7268
Ecuador,2000,1445
Ecuador,2001,1895
Ecuador,2002,2172
Ecuador,2003,2426
Ecuador,2004,2691
Ecuador,2005,3002
Ecuador,2006,3329
Ecuador,2007,3568
Ecuador,2008,4249
Ecuador,2009,4232
Ecuador,2010,4634
Ecuador,2011,5201
Ecuador,2012,5682
Ecuador,2013,6056
Ecuador,2014,6377
Ecuador,2015,6124
Ecuador,2016,6060
Ecuador,2017,6214
Ecuador,2018,6296
Ecuador,2019,6223
Ecuador,2020,5600
"Egypt, Arab Rep.",2000,1450
"Egypt, Arab Rep.",2001,1378
"Egypt, Arab Rep.",2002,1191
"Egypt, Arab Rep.",2003,1102
"Egypt, Arab Rep.",2004,1062
"Egypt, Arab Rep.",2005,1186
"Egypt, Arab Rep.",2006,1397
"Egypt, Arab Rep.",2007,1667
"Egypt, Arab Rep.",2008,2045
"Egypt, Arab Rep.",2009,2331
"Egypt, Arab Rep.",2010,2646
"Egypt, Arab Rep.",2011,2792
"Egypt, Arab Rep.",2012,3230
"Egypt, Arab Rep.",2013,3263
"Egypt, Arab Rep.",2014,3380
"Egypt, Arab Rep.",2015,3563
"Egypt, Arab Rep.",2016,3520
"Egypt, Arab Rep.",2017,2444
"Egypt, Arab Rep.",2018,2537
"Egypt, Arab Rep.",2019,3019
"Egypt, Arab Rep.",2020,3548
El Salvador,2000,2002
El Salvador,2001,2072
El Salvador,2002,2124
El Salvador,2003,2209
El Salvador,2004,2278
El Salvador,2005,2429
El Salvador,2006,2632
El Salvador,2007,2786
El Salvador,2008,2933
El Salvador,2009,2858
El Salvador,2010,2983
El Salvador,2011,3266
El Salvador,2012,3428
El Salvador,2013,3510
El Salvador,2014,3589
El Salvador,2015,3706
El Salvador,2016,3806
El Salvador,2017,3910
El Salvador,2018,4053
El Salvador,2019,4168
El Salvador,2020,3799
Equatorial Guinea,2000,1726
Equatorial Guinea,2001,2313
Equatorial Guinea,2002,2744
Equatorial Guinea,2003,3619
Equatorial Guinea,2004,6152
Equatorial Guinea,2005,10963
Equatorial Guinea,2006,12857
Equatorial Guinea,2007,15908
Equatorial Guinea,2008,22943
Equatorial Guinea,2009,16668
Equatorial Guinea,2010,17289
Equatorial Guinea,2011,21642
Equatorial Guinea,2012,21711
Equatorial Guinea,2013,20391
Equatorial Guinea,2014,19394
Equatorial Guinea,2015,11283
Equatorial Guinea,2016,9250
Equatorial Guinea,2017,9668
Equatorial Guinea,2018,10006
Equatorial Guinea,2019,8420
Equatorial Guinea,2020,7143
Eritrea,2000,308
Eritrea,2001,317
Eritrea,2002,294
Eritrea,2003,335
Eritrea,2004,408
Eritrea,2005,389
Eritrea,2006,415
Eritrea,2007,440
Eritrea,2008,451
Eritrea,2009,595
Eritrea,2010,501
Eritrea,2011,643
Eritrea,2012,NA
Eritrea,2013,NA
Eritrea,2014,NA
Eritrea,2015,NA
Eritrea,2016,NA
Eritrea,2017,NA
Eritrea,2018,NA
Eritrea,2019,NA
Eritrea,2020,NA
Estonia,2000,4076
Estonia,2001,4509
Estonia,2002,5345
Estonia,2003,7206
Estonia,2004,8913
Estonia,2005,10406
Estonia,2006,12632
Estonia,2007,16742
Estonia,2008,18227
Estonia,2009,14795
Estonia,2010,14784
Estonia,2011,17624
Estonia,2012,17534
Estonia,2013,19174
Estonia,2014,20367
Estonia,2015,17522
Estonia,2016,18437
Estonia,2017,20408
Estonia,2018,23159
Estonia,2019,23718
Estonia,2020,23312
Ethiopia,2000,124
Ethiopia,2001,121
Ethiopia,2002,112
Ethiopia,2003,119
Ethiopia,2004,136
Ethiopia,2005,162
Ethiopia,2006,195
Ethiopia,2007,244
Ethiopia,2008,326
Ethiopia,2009,381
Ethiopia,2010,342
Ethiopia,2011,354
Ethiopia,2012,467
Ethiopia,2013,500
Ethiopia,2014,567
Ethiopia,2015,641
Ethiopia,2016,717
Ethiopia,2017,769
Ethiopia,2018,772
Ethiopia,2019,856
Ethiopia,2020,936
Faroe Islands,2000,22652
Faroe Islands,2001,24419
Faroe Islands,2002,26732
Faroe Islands,2003,31493
Faroe Islands,2004,35467
Faroe Islands,2005,36199
Faroe Islands,2006,41522
Faroe Islands,2007,47886
Faroe Islands,2008,50864
Faroe Islands,2009,47442
Faroe Islands,2010,48541
Faroe Islands,2011,52093
Faroe Islands,2012,49460
Faroe Islands,2013,54843
Faroe Islands,2014,59434
Faroe Islands,2015,52400
Faroe Islands,2016,56854
Faroe Islands,2017,59993
Faroe Islands,2018,62918
Faroe Islands,2019,64225
Faroe Islands,2020,NA
Fiji,2000,2069
Fiji,2001,2030
Fiji,2002,2249
Fiji,2003,2819
Fiji,2004,3311
Fiji,2005,3628
Fiji,2006,3716
Fiji,2007,4040
Fiji,2008,4168
Fiji,2009,3363
Fiji,2010,3653
Fiji,2011,4371
Fiji,2012,4592
Fiji,2013,4841
Fiji,2014,5606
Fiji,2015,5391
Fiji,2016,5651
Fiji,2017,6101
Fiji,2018,6317
Fiji,2019,6176
Fiji,2020,4882
Finland,2000,24285
Finland,2001,24946
Finland,2002,26870
Finland,2003,32855
Finland,2004,37703
Finland,2005,39040
Finland,2006,41188
Finland,2007,48415
Finland,2008,53554
Finland,2009,47294
Finland,2010,46460
Finland,2011,51082
Finland,2012,47711
Finland,2013,49878
Finland,2014,50260
Finland,2015,42785
Finland,2016,43784
Finland,2017,46297
Finland,2018,50013
Finland,2019,48712
Finland,2020,49041
France,2000,22364
France,2001,22434
France,2002,24177
France,2003,29568
France,2004,33741
France,2005,34760
France,2006,36444
France,2007,41508
France,2008,45334
France,2009,41575
France,2010,40638
France,2011,43791
France,2012,40875
France,2013,42593
France,2014,43011
France,2015,36638
France,2016,37037
France,2017,38685
France,2018,41526
France,2019,40380
France,2020,38625
French Polynesia,2000,14324
French Polynesia,2001,NA
French Polynesia,2002,NA
French Polynesia,2003,NA
French Polynesia,2004,NA
French Polynesia,2005,NA
French Polynesia,2006,NA
French Polynesia,2007,NA
French Polynesia,2008,NA
French Polynesia,2009,NA
French Polynesia,2010,NA
French Polynesia,2011,NA
French Polynesia,2012,NA
French Polynesia,2013,NA
French Polynesia,2014,NA
French Polynesia,2015,NA
French Polynesia,2016,NA
French Polynesia,2017,NA
French Polynesia,2018,NA
French Polynesia,2019,NA
French Polynesia,2020,NA
Gabon,2000,4136
Gabon,2001,3993
Gabon,2002,4141
Gabon,2003,4933
Gabon,2004,5740
Gabon,2005,6891
Gabon,2006,7221
Gabon,2007,8458
Gabon,2008,10254
Gabon,2009,7721
Gabon,2010,8849
Gabon,2011,10810
Gabon,2012,9814
Gabon,2013,9684
Gabon,2014,9663
Gabon,2015,7385
Gabon,2016,6984
Gabon,2017,7230
Gabon,2018,7957
Gabon,2019,7767
Gabon,2020,7006
"Gambia, The",2000,594
"Gambia, The",2001,505
"Gambia, The",2002,412
"Gambia, The",2003,336
"Gambia, The",2004,643
"Gambia, The",2005,666
"Gambia, The",2006,662
"Gambia, The",2007,780
"Gambia, The",2008,925
"Gambia, The",2009,833
"Gambia, The",2010,861
"Gambia, The",2011,763
"Gambia, The",2012,743
"Gambia, The",2013,701
"Gambia, The",2014,607
"Gambia, The",2015,661
"Gambia, The",2016,691
"Gambia, The",2017,680
"Gambia, The",2018,733
"Gambia, The",2019,778
"Gambia, The",2020,787
Georgia,2000,750
Georgia,2001,802
Georgia,2002,854
Georgia,2003,1010
Georgia,2004,1305
Georgia,2005,1643
Georgia,2006,1996
Georgia,2007,2635
Georgia,2008,3325
Georgia,2009,2823
Georgia,2010,3233
Georgia,2011,4022
Georgia,2012,4422
Georgia,2013,4624
Georgia,2014,4739
Georgia,2015,4014
Georgia,2016,4062
Georgia,2017,4357
Georgia,2018,4723
Georgia,2019,4698
Georgia,2020,4279
Germany,2000,23636
Germany,2001,23608
Germany,2002,25078
Germany,2003,30244
Germany,2004,34044
Germany,2005,34507
Germany,2006,36323
Germany,2007,41587
Germany,2008,45427
Germany,2009,41486
Germany,2010,41532
Germany,2011,46645
Germany,2012,43858
Germany,2013,46286
Germany,2014,47960
Germany,2015,41087
Germany,2016,42108
Germany,2017,44443
Germany,2018,47787
Germany,2019,46468
Germany,2020,45724
Ghana,2000,258
Ghana,2001,269
Ghana,2002,305
Ghana,2003,368
Ghana,2004,418
Ghana,2005,493
Ghana,2006,913
Ghana,2007,1081
Ghana,2008,1217
Ghana,2009,1078
Ghana,2010,1299
Ghana,2011,1549
Ghana,2012,1588
Ghana,2013,2361
Ghana,2014,1900
Ghana,2015,1706
Ghana,2016,1913
Ghana,2017,2021
Ghana,2018,2194
Ghana,2019,2210
Ghana,2020,2329
Gibraltar,2000,NA
Gibraltar,2001,NA
Gibraltar,2002,NA
Gibraltar,2003,NA
Gibraltar,2004,NA
Gibraltar,2005,NA
Gibraltar,2006,NA
Gibraltar,2007,NA
Gibraltar,2008,NA
Gibraltar,2009,NA
Gibraltar,2010,NA
Gibraltar,2011,NA
Gibraltar,2012,NA
Gibraltar,2013,NA
Gibraltar,2014,NA
Gibraltar,2015,NA
Gibraltar,2016,NA
Gibraltar,2017,NA
Gibraltar,2018,NA
Gibraltar,2019,NA
Gibraltar,2020,NA
Greece,2000,12043
Greece,2001,12538
Greece,2002,14110
Greece,2003,18478
Greece,2004,21955
Greece,2005,22552
Greece,2006,24801
Greece,2007,28827
Greece,2008,31997
Greece,2009,29711
Greece,2010,26691
Greece,2011,25451
Greece,2012,21915
Greece,2013,21749
Greece,2014,21602
Greece,2015,18050
Greece,2016,17885
Greece,2017,18562
Greece,2018,19766
Greece,2019,19151
Greece,2020,17676
Greenland,2000,19004
Greenland,2001,19275
Greenland,2002,20653
Greenland,2003,27460
Greenland,2004,32023
Greenland,2005,32490
Greenland,2006,35458
Greenland,2007,39781
Greenland,2008,44367
Greenland,2009,44919
Greenland,2010,43988
Greenland,2011,47187
Greenland,2012,45937
Greenland,2013,47536
Greenland,2014,50485
Greenland,2015,44536
Greenland,2016,48182
Greenland,2017,50321
Greenland,2018,54471
Greenland,2019,NA
Greenland,2020,NA
Grenada,2000,5057
Grenada,2001,5041
Grenada,2002,5214
Grenada,2003,5683
Grenada,2004,5742
Grenada,2005,6646
Grenada,2006,6658
Grenada,2007,7213
Grenada,2008,7832
Grenada,2009,7291
Grenada,2010,7258
Grenada,2011,7292
Grenada,2012,7444
Grenada,2013,7790
Grenada,2014,8370
Grenada,2015,9097
Grenada,2016,9628
Grenada,2017,10153
Grenada,2018,10486
Grenada,2019,10816
Grenada,2020,9680
Guam,2000,NA
Guam,2001,NA
Guam,2002,21594
Guam,2003,22628
Guam,2004,24473
Guam,2005,26596
Guam,2006,26713
Guam,2007,27681
Guam,2008,29289
Guam,2009,30321
Guam,2010,31040
Guam,2011,31210
Guam,2012,32908
Guam,2013,33656
Guam,2014,34843
Guam,2015,35829
Guam,2016,36214
Guam,2017,36602
Guam,2018,36502
Guam,2019,37724
Guam,2020,NA
Guatemala,2000,1664
Guatemala,2001,1550
Guatemala,2002,1683
Guatemala,2003,1738
Guatemala,2004,1859
Guatemala,2005,2069
Guatemala,2006,2251
Guatemala,2007,2491
Guatemala,2008,2802
Guatemala,2009,2652
Guatemala,2010,2853
Guatemala,2011,3228
Guatemala,2012,3355
Guatemala,2013,3523
Guatemala,2014,3780
Guatemala,2015,3995
Guatemala,2016,4173
Guatemala,2017,4454
Guatemala,2018,4478
Guatemala,2019,4639
Guatemala,2020,4603
Guinea,2000,363
Guinea,2001,336
Guinea,2002,344
Guinea,2003,394
Guinea,2004,407
Guinea,2005,322
Guinea,2006,453
Guinea,2007,660
Guinea,2008,715
Guinea,2009,674
Guinea,2010,672
Guinea,2011,651
Guinea,2012,717
Guinea,2013,769
Guinea,2014,787
Guinea,2015,769
Guinea,2016,732
Guinea,2017,856
Guinea,2018,955
Guinea,2019,1058
Guinea,2020,1194
Guinea-Bissau,2000,309
Guinea-Bissau,2001,320
Guinea-Bissau,2002,333
Guinea-Bissau,2003,372
Guinea-Bissau,2004,405
Guinea-Bissau,2005,436
Guinea-Bissau,2006,430
Guinea-Bissau,2007,494
Guinea-Bissau,2008,600
Guinea-Bissau,2009,559
Guinea-Bissau,2010,558
Guinea-Bissau,2011,704
Guinea-Bissau,2012,616
Guinea-Bissau,2013,635
Guinea-Bissau,2014,623
Guinea-Bissau,2015,603
Guinea-Bissau,2016,661
Guinea-Bissau,2017,739
Guinea-Bissau,2018,803
Guinea-Bissau,2019,749
Guinea-Bissau,2020,728
Guyana,2000,954
Guyana,2001,956
Guyana,2002,975
Guyana,2003,997
Guyana,2004,1056
Guyana,2005,1106
Guyana,2006,3189
Guyana,2007,3658
Guyana,2008,4051
Guyana,2009,4234
Guyana,2010,4581
Guyana,2011,4909
Guyana,2012,5379
Guyana,2013,5489
Guyana,2014,5407
Guyana,2015,5577
Guyana,2016,5811
Guyana,2017,6125
Guyana,2018,6146
Guyana,2019,6610
Guyana,2020,6956
Haiti,2000,812
Haiti,2001,739
Haiti,2002,698
Haiti,2003,562
Haiti,2004,664
Haiti,2005,767
Haiti,2006,793
Haiti,2007,981
Haiti,2008,1077
Haiti,2009,1150
Haiti,2010,1172
Haiti,2011,1288
Haiti,2012,1337
Haiti,2013,1394
Haiti,2014,1402
Haiti,2015,1389
Haiti,2016,1266
Haiti,2017,1294
Haiti,2018,1435
Haiti,2019,1272
Haiti,2020,1177
Honduras,2000,1093
Honduras,2001,1133
Honduras,2002,1134
Honduras,2003,1158
Honduras,2004,1218
Honduras,2005,1308
Honduras,2006,1430
Honduras,2007,1583
Honduras,2008,1739
Honduras,2009,1790
Honduras,2010,1904
Honduras,2011,2088
Honduras,2012,2144
Honduras,2013,2103
Honduras,2014,2206
Honduras,2015,2302
Honduras,2016,2343
Honduras,2017,2454
Honduras,2018,2510
Honduras,2019,2574
Honduras,2020,2406
"Hong Kong SAR, China",2000,25757
"Hong Kong SAR, China",2001,25230
"Hong Kong SAR, China",2002,24666
"Hong Kong SAR, China",2003,23977
"Hong Kong SAR, China",2004,24928
"Hong Kong SAR, China",2005,26650
"Hong Kong SAR, China",2006,28224
"Hong Kong SAR, China",2007,30594
"Hong Kong SAR, China",2008,31516
"Hong Kong SAR, China",2009,30697
"Hong Kong SAR, China",2010,32550
"Hong Kong SAR, China",2011,35142
"Hong Kong SAR, China",2012,36731
"Hong Kong SAR, China",2013,38404
"Hong Kong SAR, China",2014,40315
"Hong Kong SAR, China",2015,42432
"Hong Kong SAR, China",2016,43731
"Hong Kong SAR, China",2017,46166
"Hong Kong SAR, China",2018,48543
"Hong Kong SAR, China",2019,48354
"Hong Kong SAR, China",2020,46324
Hungary,2000,4624
Hungary,2001,5276
Hungary,2002,6655
Hungary,2003,8421
Hungary,2004,10286
Hungary,2005,11201
Hungary,2006,11476
Hungary,2007,13919
Hungary,2008,15753
Hungary,2009,13046
Hungary,2010,13192
Hungary,2011,14216
Hungary,2012,12951
Hungary,2013,13688
Hungary,2014,14267
Hungary,2015,12707
Hungary,2016,13091
Hungary,2017,14606
Hungary,2018,16411
Hungary,2019,16733
Hungary,2020,15899
Iceland,2000,32096
Iceland,2001,28897
Iceland,2002,32409
Iceland,2003,39477
Iceland,2004,47335
Iceland,2005,56795
Iceland,2006,57493
Iceland,2007,69496
Iceland,2008,56943
Iceland,2009,41301
Iceland,2010,43237
Iceland,2011,47715
Iceland,2012,45996
Iceland,2013,49805
Iceland,2014,54577
Iceland,2015,52952
Iceland,2016,61988
Iceland,2017,72010
Iceland,2018,74348
Iceland,2019,68883
Iceland,2020,59261
India,2000,443
India,2001,452
India,2002,471
India,2003,547
India,2004,628
India,2005,715
India,2006,807
India,2007,1028
India,2008,999
India,2009,1102
India,2010,1358
India,2011,1458
India,2012,1444
India,2013,1450
India,2014,1574
India,2015,1606
India,2016,1733
India,2017,1981
India,2018,1997
India,2019,2101
India,2020,1901
Indonesia,2000,780
Indonesia,2001,748
Indonesia,2002,900
Indonesia,2003,1066
Indonesia,2004,1150
Indonesia,2005,1263
Indonesia,2006,1590
Indonesia,2007,1860
Indonesia,2008,2167
Indonesia,2009,2261
Indonesia,2010,3122
Indonesia,2011,3643
Indonesia,2012,3694
Indonesia,2013,3624
Indonesia,2014,3492
Indonesia,2015,3332
Indonesia,2016,3563
Indonesia,2017,3838
Indonesia,2018,3894
Indonesia,2019,4135
Indonesia,2020,3870
"Iran, Islamic Rep.",2000,1670
"Iran, Islamic Rep.",2001,1909
"Iran, Islamic Rep.",2002,1912
"Iran, Islamic Rep.",2003,2254
"Iran, Islamic Rep.",2004,2756
"Iran, Islamic Rep.",2005,3246
"Iran, Islamic Rep.",2006,3774
"Iran, Islamic Rep.",2007,4905
"Iran, Islamic Rep.",2008,5717
"Iran, Islamic Rep.",2009,5710
"Iran, Islamic Rep.",2010,6600
"Iran, Islamic Rep.",2011,7781
"Iran, Islamic Rep.",2012,7928
"Iran, Islamic Rep.",2013,6018
"Iran, Islamic Rep.",2014,5586
"Iran, Islamic Rep.",2015,4904
"Iran, Islamic Rep.",2016,5253
"Iran, Islamic Rep.",2017,5520
"Iran, Islamic Rep.",2018,3598
"Iran, Islamic Rep.",2019,3115
"Iran, Islamic Rep.",2020,2283
Iraq,2000,2058
Iraq,2001,1494
Iraq,2002,1321
Iraq,2003,855
Iraq,2004,1392
Iraq,2005,1856
Iraq,2006,2373
Iraq,2007,3183
Iraq,2008,4637
Iraq,2009,3854
Iraq,2010,4657
Iraq,2011,6045
Iraq,2012,6836
Iraq,2013,7077
Iraq,2014,6638
Iraq,2015,4688
Iraq,2016,4551
Iraq,2017,5077
Iraq,2018,5523
Iraq,2019,5658
Iraq,2020,4157
Ireland,2000,26246
Ireland,2001,28240
Ireland,2002,32540
Ireland,2003,41101
Ireland,2004,47645
Ireland,2005,50891
Ireland,2006,54283
Ireland,2007,61337
Ireland,2008,61213
Ireland,2009,52009
Ireland,2010,48698
Ireland,2011,51887
Ireland,2012,48915
Ireland,2013,51577
Ireland,2014,55587
Ireland,2015,62000
Ireland,2016,62994
Ireland,2017,70413
Ireland,2018,79298
Ireland,2019,80779
Ireland,2020,83813
Isle of Man,2000,20323
Isle of Man,2001,21351
Isle of Man,2002,24864
Isle of Man,2003,29522
Isle of Man,2004,35495
Isle of Man,2005,37767
Isle of Man,2006,42108
Isle of Man,2007,54196
Isle of Man,2008,70986
Isle of Man,2009,65029
Isle of Man,2010,69767
Isle of Man,2011,77349
Isle of Man,2012,79148
Isle of Man,2013,83357
Isle of Man,2014,92335
Isle of Man,2015,85127
Isle of Man,2016,82197
Isle of Man,2017,83478
Isle of Man,2018,89113
Isle of Man,2019,NA
Isle of Man,2020,NA
Israel,2000,21101
Israel,2001,20354
Israel,2002,18480
Israel,2003,19034
Israel,2004,19934
Israel,2005,20586
Israel,2006,21855
Israel,2007,24939
Israel,2008,29600
Israel,2009,27720
Israel,2010,30694
Israel,2011,33611
Israel,2012,32510
Israel,2013,36316
Israel,2014,37738
Israel,2015,35814
Israel,2016,37283
Israel,2017,40475
Israel,2018,41705
Israel,2019,43589
Israel,2020,43611
Italy,2000,20088
Italy,2001,20483
Italy,2002,22270
Italy,2003,27466
Italy,2004,31260
Italy,2005,32043
Italy,2006,33502
Italy,2007,37823
Italy,2008,40778
Italy,2009,37080
Italy,2010,36001
Italy,2011,38599
Italy,2012,35054
Italy,2013,35550
Italy,2014,35518
Italy,2015,30230
Italy,2016,30940
Italy,2017,32327
Italy,2018,34609
Italy,2019,33567
Italy,2020,31676
Jamaica,2000,3392
Jamaica,2001,3438
Jamaica,2002,3609
Jamaica,2003,3481
Jamaica,2004,3734
Jamaica,2005,4104
Jamaica,2006,4331
Jamaica,2007,4624
Jamaica,2008,4928
Jamaica,2009,4335
Jamaica,2010,4704
Jamaica,2011,5111
Jamaica,2012,5210
Jamaica,2013,4990
Jamaica,2014,4834
Jamaica,2015,4908
Jamaica,2016,4844
Jamaica,2017,5070
Jamaica,2018,5360
Jamaica,2019,5369
Jamaica,2020,4665
Japan,2000,38532
Japan,2001,33846
Japan,2002,32289
Japan,2003,34808
Japan,2004,37689
Japan,2005,37218
Japan,2006,35434
Japan,2007,35275
Japan,2008,39339
Japan,2009,40855
Japan,2010,44508
Japan,2011,48168
Japan,2012,48603
Japan,2013,40454
Japan,2014,38109
Japan,2015,34524
Japan,2016,38762
Japan,2017,38387
Japan,2018,39159
Japan,2019,40113
Japan,2020,NA
Jordan,2000,1652
Jordan,2001,1720
Jordan,2002,1802
Jordan,2003,1876
Jordan,2004,2045
Jordan,2005,2183
Jordan,2006,2513
Jordan,2007,2735
Jordan,2008,3456
Jordan,2009,3560
Jordan,2010,3737
Jordan,2011,3853
Jordan,2012,3910
Jordan,2013,4044
Jordan,2014,4131
Jordan,2015,4164
Jordan,2016,4175
Jordan,2017,4232
Jordan,2018,4308
Jordan,2019,4405
Jordan,2020,4283
Kazakhstan,2000,1229
Kazakhstan,2001,1491
Kazakhstan,2002,1658
Kazakhstan,2003,2068
Kazakhstan,2004,2874
Kazakhstan,2005,3771
Kazakhstan,2006,5292
Kazakhstan,2007,6771
Kazakhstan,2008,8458
Kazakhstan,2009,7165
Kazakhstan,2010,9070
Kazakhstan,2011,11634
Kazakhstan,2012,12387
Kazakhstan,2013,13891
Kazakhstan,2014,12807
Kazakhstan,2015,10511
Kazakhstan,2016,7715
Kazakhstan,2017,9248
Kazakhstan,2018,9813
Kazakhstan,2019,9813
Kazakhstan,2020,9056
Kenya,2000,397
Kenya,2001,395
Kenya,2002,390
Kenya,2003,430
Kenya,2004,452
Kenya,2005,512
Kenya,2006,686
Kenya,2007,826
Kenya,2008,902
Kenya,2009,905
Kenya,2010,952
Kenya,2011,972
Kenya,2012,1137
Kenya,2013,1210
Kenya,2014,1316
Kenya,2015,1337
Kenya,2016,1411
Kenya,2017,1572
Kenya,2018,1708
Kenya,2019,1817
Kenya,2020,1838
Kiribati,2000,797
Kiribati,2001,735
Kiribati,2002,827
Kiribati,2003,1016
Kiribati,2004,1131
Kiribati,2005,1215
Kiribati,2006,1168
Kiribati,2007,1374
Kiribati,2008,1428
Kiribati,2009,1312
Kiribati,2010,1517
Kiribati,2011,1735
Kiribati,2012,1789
Kiribati,2013,1716
Kiribati,2014,1643
Kiribati,2015,1543
Kiribati,2016,1585
Kiribati,2017,1641
Kiribati,2018,1698
Kiribati,2019,1655
Kiribati,2020,1671
"Korea, Dem. People's Rep.",2000,NA
"Korea, Dem. People's Rep.",2001,NA
"Korea, Dem. People's Rep.",2002,NA
"Korea, Dem. People's Rep.",2003,NA
"Korea, Dem. People's Rep.",2004,NA
"Korea, Dem. People's Rep.",2005,NA
"Korea, Dem. People's Rep.",2006,NA
"Korea, Dem. People's Rep.",2007,NA
"Korea, Dem. People's Rep.",2008,NA
"Korea, Dem. People's Rep.",2009,NA
"Korea, Dem. People's Rep.",2010,NA
"Korea, Dem. People's Rep.",2011,NA
"Korea, Dem. People's Rep.",2012,NA
"Korea, Dem. People's Rep.",2013,NA
"Korea, Dem. People's Rep.",2014,NA
"Korea, Dem. People's Rep.",2015,NA
"Korea, Dem. People's Rep.",2016,NA
"Korea, Dem. People's Rep.",2017,NA
"Korea, Dem. People's Rep.",2018,NA
"Korea, Dem. People's Rep.",2019,NA
"Korea, Dem. People's Rep.",2020,NA
"Korea, Rep.",2000,12257
"Korea, Rep.",2001,11561
"Korea, Rep.",2002,13165
"Korea, Rep.",2003,14673
"Korea, Rep.",2004,16496
"Korea, Rep.",2005,19403
"Korea, Rep.",2006,21743
"Korea, Rep.",2007,24086
"Korea, Rep.",2008,21350
"Korea, Rep.",2009,19144
"Korea, Rep.",2010,23087
"Korea, Rep.",2011,25096
"Korea, Rep.",2012,25467
"Korea, Rep.",2013,27183
"Korea, Rep.",2014,29250
"Korea, Rep.",2015,28732
"Korea, Rep.",2016,29289
"Korea, Rep.",2017,31617
"Korea, Rep.",2018,33423
"Korea, Rep.",2019,31846
"Korea, Rep.",2020,31489
Kosovo,2000,1088
Kosovo,2001,1490
Kosovo,2002,1414
Kosovo,2003,1638
Kosovo,2004,2087
Kosovo,2005,2147
Kosovo,2006,2237
Kosovo,2007,2686
Kosovo,2008,3255
Kosovo,2009,3210
Kosovo,2010,3287
Kosovo,2011,3742
Kosovo,2012,3597
Kosovo,2013,3891
Kosovo,2014,4080
Kosovo,2015,3603
Kosovo,2016,3780
Kosovo,2017,4046
Kosovo,2018,4420
Kosovo,2019,4446
Kosovo,2020,4287
Kuwait,2000,18440
Kuwait,2001,16587
Kuwait,2002,17846
Kuwait,2003,22148
Kuwait,2004,27012
Kuwait,2005,35591
Kuwait,2006,42782
Kuwait,2007,45782
Kuwait,2008,55495
Kuwait,2009,37562
Kuwait,2010,38577
Kuwait,2011,48632
Kuwait,2012,51979
Kuwait,2013,49388
Kuwait,2014,44062
Kuwait,2015,29870
Kuwait,2016,27653
Kuwait,2017,29759
Kuwait,2018,33399
Kuwait,2019,32373
Kuwait,2020,NA
Kyrgyz Republic,2000,280
Kyrgyz Republic,2001,308
Kyrgyz Republic,2002,322
Kyrgyz Republic,2003,381
Kyrgyz Republic,2004,433
Kyrgyz Republic,2005,477
Kyrgyz Republic,2006,543
Kyrgyz Republic,2007,722
Kyrgyz Republic,2008,966
Kyrgyz Republic,2009,871
Kyrgyz Republic,2010,880
Kyrgyz Republic,2011,1124
Kyrgyz Republic,2012,1178
Kyrgyz Republic,2013,1282
Kyrgyz Republic,2014,1280
Kyrgyz Republic,2015,1121
Kyrgyz Republic,2016,1121
Kyrgyz Republic,2017,1243
Kyrgyz Republic,2018,1308
Kyrgyz Republic,2019,1374
Kyrgyz Republic,2020,1174
Lao PDR,2000,325
Lao PDR,2001,327
Lao PDR,2002,320
Lao PDR,2003,363
Lao PDR,2004,418
Lao PDR,2005,476
Lao PDR,2006,591
Lao PDR,2007,710
Lao PDR,2008,900
Lao PDR,2009,949
Lao PDR,2010,1141
Lao PDR,2011,1378
Lao PDR,2012,1581
Lao PDR,2013,1826
Lao PDR,2014,1998
Lao PDR,2015,2135
Lao PDR,2016,2309
Lao PDR,2017,2424
Lao PDR,2018,2542
Lao PDR,2019,2545
Lao PDR,2020,2630
Latvia,2000,3358
Latvia,2001,3573
Latvia,2002,4132
Latvia,2003,5135
Latvia,2004,6364
Latvia,2005,7575
Latvia,2006,9700
Latvia,2007,14091
Latvia,2008,16422
Latvia,2009,12288
Latvia,2010,11380
Latvia,2011,13776
Latvia,2012,13923
Latvia,2013,15123
Latvia,2014,15714
Latvia,2015,13775
Latvia,2016,14316
Latvia,2017,15643
Latvia,2018,17850
Latvia,2019,17794
Latvia,2020,17620
Lebanon,2000,4492
Lebanon,2001,4422
Lebanon,2002,4579
Lebanon,2003,4576
Lebanon,2004,4631
Lebanon,2005,4575
Lebanon,2006,4627
Lebanon,2007,5208
Lebanon,2008,6111
Lebanon,2009,7355
Lebanon,2010,7762
Lebanon,2011,7675
Lebanon,2012,7952
Lebanon,2013,7933
Lebanon,2014,7688
Lebanon,2015,7645
Lebanon,2016,7626
Lebanon,2017,7793
Lebanon,2018,8013
Lebanon,2019,7584
Lebanon,2020,4891
Lesotho,2000,436
Lesotho,2001,406
Lesotho,2002,382
Lesotho,2003,574
Lesotho,2004,753
Lesotho,2005,843
Lesotho,2006,905
Lesotho,2007,847
Lesotho,2008,889
Lesotho,2009,875
Lesotho,2010,1120
Lesotho,2011,1287
Lesotho,2012,1230
Lesotho,2013,1167
Lesotho,2014,1195
Lesotho,2015,1146
Lesotho,2016,1019
Lesotho,2017,1103
Lesotho,2018,1192
Lesotho,2019,1113
Lesotho,2020,861
Liberia,2000,307
Liberia,2001,307
Liberia,2002,306
Liberia,2003,243
Liberia,2004,286
Liberia,2005,295
Liberia,2006,336
Liberia,2007,397
Liberia,2008,478
Liberia,2009,471
Liberia,2010,513
Liberia,2011,597
Liberia,2012,658
Liberia,2013,722
Liberia,2014,721
Liberia,2015,710
Liberia,2016,715
Liberia,2017,699
Liberia,2018,677
Liberia,2019,622
Liberia,2020,583
Libya,2000,7143
Libya,2001,6266
Libya,2002,3703
Libya,2003,4673
Libya,2004,5801
Libya,2005,8163
Libya,2006,9336
Libya,2007,11300
Libya,2008,14383
Libya,2009,10275
Libya,2010,12065
Libya,2011,5554
Libya,2012,13025
Libya,2013,10364
Libya,2014,6467
Libya,2015,4338
Libya,2016,4035
Libya,2017,5757
Libya,2018,7877
Libya,2019,7686
Libya,2020,3699
Liechtenstein,2000,74854
Liechtenstein,2001,74287
Liechtenstein,2002,79346
Liechtenstein,2003,89860
Liechtenstein,2004,100289
Liechtenstein,2005,105399
Liechtenstein,2006,114374
Liechtenstein,2007,130656
Liechtenstein,2008,143264
Liechtenstein,2009,126097
Liechtenstein,2010,141193
Liechtenstein,2011,158130
Liechtenstein,2012,149010
Liechtenstein,2013,173030
Liechtenstein,2014,178865
Liechtenstein,2015,167313
Liechtenstein,2016,165642
Liechtenstein,2017,171254
Liechtenstein,2018,180367
Liechtenstein,2019,NA
Liechtenstein,2020,NA
Lithuania,2000,3293
Lithuania,2001,3526
Lithuania,2002,4142
Lithuania,2003,5499
Lithuania,2004,6700
Lithuania,2005,7855
Lithuania,2006,9231
Lithuania,2007,12285
Lithuania,2008,14945
Lithuania,2009,11821
Lithuania,2010,11988
Lithuania,2011,14377
Lithuania,2012,14368
Lithuania,2013,15730
Lithuania,2014,16551
Lithuania,2015,14258
Lithuania,2016,14998
Lithuania,2017,16844
Lithuania,2018,19167
Lithuania,2019,19555
Lithuania,2020,19998
Luxembourg,2000,48736
Luxembourg,2001,48179
Luxembourg,2002,52931
Luxembourg,2003,65446
Luxembourg,2004,75716
Luxembourg,2005,80290
Luxembourg,2006,89740
Luxembourg,2007,106018
Luxembourg,2008,114294
Luxembourg,2009,103199
Luxembourg,2010,104965
Luxembourg,2011,115762
Luxembourg,2012,106749
Luxembourg,2013,113625
Luxembourg,2014,118824
Luxembourg,2015,101376
Luxembourg,2016,104278
Luxembourg,2017,107361
Luxembourg,2018,116597
Luxembourg,2019,114685
Luxembourg,2020,115874
"Macao SAR, China",2000,15836
"Macao SAR, China",2001,15665
"Macao SAR, China",2002,16425
"Macao SAR, China",2003,17921
"Macao SAR, China",2004,22568
"Macao SAR, China",2005,25183
"Macao SAR, China",2006,30122
"Macao SAR, China",2007,36551
"Macao SAR, China",2008,40811
"Macao SAR, China",2009,41010
"Macao SAR, China",2010,52473
"Macao SAR, China",2011,66891
"Macao SAR, China",2012,76572
"Macao SAR, China",2013,89261
"Macao SAR, China",2014,93023
"Macao SAR, China",2015,74839
"Macao SAR, China",2016,73569
"Macao SAR, China",2017,81045
"Macao SAR, China",2018,87555
"Macao SAR, China",2019,86118
"Macao SAR, China",2020,NA
North Macedonia,2000,1855
North Macedonia,2001,1816
North Macedonia,2002,1950
North Macedonia,2003,2410
North Macedonia,2004,2763
North Macedonia,2005,3037
North Macedonia,2006,3326
North Macedonia,2007,4037
North Macedonia,2008,4794
North Macedonia,2009,4546
North Macedonia,2010,4545
North Macedonia,2011,5064
North Macedonia,2012,4697
North Macedonia,2013,5210
North Macedonia,2014,5468
North Macedonia,2015,4843
North Macedonia,2016,5133
North Macedonia,2017,5432
North Macedonia,2018,6087
North Macedonia,2019,6022
North Macedonia,2020,5888
Madagascar,2000,294
Madagascar,2001,334
Madagascar,2002,319
Madagascar,2003,369
Madagascar,2004,284
Madagascar,2005,320
Madagascar,2006,339
Madagascar,2007,439
Madagascar,2008,536
Madagascar,2009,468
Madagascar,2010,472
Madagascar,2011,531
Madagascar,2012,518
Madagascar,2013,541
Madagascar,2014,531
Madagascar,2015,467
Madagascar,2016,476
Madagascar,2017,515
Madagascar,2018,518
Madagascar,2019,526
Madagascar,2020,495
Malawi,2000,156
Malawi,2001,150
Malawi,2002,298
Malawi,2003,267
Malawi,2004,283
Malawi,2005,290
Malawi,2006,308
Malawi,2007,332
Malawi,2008,388
Malawi,2009,438
Malawi,2010,479
Malawi,2011,535
Malawi,2012,392
Malawi,2013,348
Malawi,2014,371
Malawi,2015,381
Malawi,2016,316
Malawi,2017,497
Malawi,2018,535
Malawi,2019,583
Malawi,2020,625
Malaysia,2000,4044
Malaysia,2001,3913
Malaysia,2002,4166
Malaysia,2003,4462
Malaysia,2004,4952
Malaysia,2005,5587
Malaysia,2006,6209
Malaysia,2007,7243
Malaysia,2008,8475
Malaysia,2009,7292
Malaysia,2010,9041
Malaysia,2011,10399
Malaysia,2012,10817
Malaysia,2013,10970
Malaysia,2014,11319
Malaysia,2015,9955
Malaysia,2016,9818
Malaysia,2017,10259
Malaysia,2018,11378
Malaysia,2019,11414
Malaysia,2020,10402
Maldives,2000,2235
Maldives,2001,3039
Maldives,2002,3049
Maldives,2003,3476
Maldives,2004,3941
Maldives,2005,3640
Maldives,2006,4810
Maldives,2007,5574
Maldives,2008,6614
Maldives,2009,6637
Maldives,2010,7077
Maldives,2011,7291
Maldives,2012,7266
Maldives,2013,7928
Maldives,2014,8499
Maldives,2015,9033
Maldives,2016,9209
Maldives,2017,9578
Maldives,2018,10277
Maldives,2019,10626
Maldives,2020,7456
Mali,2000,271
Mali,2001,308
Mali,2002,336
Mali,2003,393
Mali,2004,441
Mali,2005,489
Mali,2006,523
Mali,2007,597
Mali,2008,697
Mali,2009,702
Mali,2010,710
Mali,2011,838
Mali,2012,779
Mali,2013,805
Mali,2014,848
Mali,2015,751
Mali,2016,781
Mali,2017,830
Mali,2018,895
Mali,2019,879
Mali,2020,859
Malta,2000,10432
Malta,2001,10402
Malta,2002,11290
Malta,2003,13669
Malta,2004,15197
Malta,2005,15888
Malta,2006,16724
Malta,2007,19486
Malta,2008,22205
Malta,2009,21083
Malta,2010,21799
Malta,2011,23156
Malta,2012,22528
Malta,2013,24771
Malta,2014,26754
Malta,2015,24922
Malta,2016,25741
Malta,2017,28251
Malta,2018,30672
Malta,2019,30186
Malta,2020,27885
Marshall Islands,2000,2273
Marshall Islands,2001,2389
Marshall Islands,2002,2516
Marshall Islands,2003,2458
Marshall Islands,2004,2431
Marshall Islands,2005,2471
Marshall Islands,2006,2538
Marshall Islands,2007,2647
Marshall Islands,2008,2704
Marshall Islands,2009,2662
Marshall Islands,2010,2846
Marshall Islands,2011,3046
Marshall Islands,2012,3182
Marshall Islands,2013,3247
Marshall Islands,2014,3185
Marshall Islands,2015,3200
Marshall Islands,2016,3491
Marshall Islands,2017,3673
Marshall Islands,2018,3794
Marshall Islands,2019,4073
Marshall Islands,2020,NA
Mauritania,2000,677
Mauritania,2001,646
Mauritania,2002,640
Mauritania,2003,718
Mauritania,2004,804
Mauritania,2005,971
Mauritania,2006,1260
Mauritania,2007,1357
Mauritania,2008,1580
Mauritania,2009,1389
Mauritania,2010,1611
Mauritania,2011,1880
Mauritania,2012,1815
Mauritania,2013,1892
Mauritania,2014,1677
Mauritania,2015,1524
Mauritania,2016,1537
Mauritania,2017,1578
Mauritania,2018,1601
Mauritania,2019,1679
Mauritania,2020,1673
Mauritius,2000,3929
Mauritius,2001,3857
Mauritius,2002,4019
Mauritius,2003,4794
Mauritius,2004,5388
Mauritius,2005,5283
Mauritius,2006,5696
Mauritius,2007,6575
Mauritius,2008,8030
Mauritius,2009,7318
Mauritius,2010,8000
Mauritius,2011,9197
Mauritius,2012,9291
Mauritius,2013,9637
Mauritius,2014,10154
Mauritius,2015,9260
Mauritius,2016,9682
Mauritius,2017,10485
Mauritius,2018,11208
Mauritius,2019,11098
Mauritius,2020,8623
Mexico,2000,7158
Mexico,2001,7545
Mexico,2002,7593
Mexico,2003,7075
Mexico,2004,7484
Mexico,2005,8278
Mexico,2006,9068
Mexico,2007,9643
Mexico,2008,10017
Mexico,2009,8003
Mexico,2010,9271
Mexico,2011,10203
Mexico,2012,10242
Mexico,2013,10725
Mexico,2014,10929
Mexico,2015,9617
Mexico,2016,8745
Mexico,2017,9288
Mexico,2018,9687
Mexico,2019,9946
Mexico,2020,8347
"Micronesia, Fed. Sts.",2000,2172
"Micronesia, Fed. Sts.",2001,2248
"Micronesia, Fed. Sts.",2002,2266
"Micronesia, Fed. Sts.",2003,2296
"Micronesia, Fed. Sts.",2004,2253
"Micronesia, Fed. Sts.",2005,2358
"Micronesia, Fed. Sts.",2006,2406
"Micronesia, Fed. Sts.",2007,2459
"Micronesia, Fed. Sts.",2008,2541
"Micronesia, Fed. Sts.",2009,2722
"Micronesia, Fed. Sts.",2010,2885
"Micronesia, Fed. Sts.",2011,3009
"Micronesia, Fed. Sts.",2012,3131
"Micronesia, Fed. Sts.",2013,2995
"Micronesia, Fed. Sts.",2014,2972
"Micronesia, Fed. Sts.",2015,2907
"Micronesia, Fed. Sts.",2016,3015
"Micronesia, Fed. Sts.",2017,3290
"Micronesia, Fed. Sts.",2018,3568
"Micronesia, Fed. Sts.",2019,3585
"Micronesia, Fed. Sts.",2020,NA
Moldova,2000,441
Moldova,2001,508
Moldova,2002,571
Moldova,2003,683
Moldova,2004,897
Moldova,2005,1035
Moldova,2006,1183
Moldova,2007,1532
Moldova,2008,2111
Moldova,2009,1899
Moldova,2010,2438
Moldova,2011,2942
Moldova,2012,3046
Moldova,2013,3322
Moldova,2014,3329
Moldova,2015,2732
Moldova,2016,2880
Moldova,2017,3510
Moldova,2018,4230
Moldova,2019,4494
Moldova,2020,4551
Monaco,2000,82365
Monaco,2001,83724
Monaco,2002,90507
Monaco,2003,108657
Monaco,2004,123523
Monaco,2005,124197
Monaco,2006,134049
Monaco,2007,169966
Monaco,2008,185786
Monaco,2009,154775
Monaco,2010,150738
Monaco,2011,169016
Monaco,2012,157520
Monaco,2013,177674
Monaco,2014,189432
Monaco,2015,165990
Monaco,2016,170029
Monaco,2017,167517
Monaco,2018,185979
Monaco,2019,190513
Monaco,2020,NA
Mongolia,2000,474
Mongolia,2001,524
Mongolia,2002,572
Mongolia,2003,646
Mongolia,2004,798
Mongolia,2005,999
Mongolia,2006,1334
Mongolia,2007,1633
Mongolia,2008,2137
Mongolia,2009,1714
Mongolia,2010,2643
Mongolia,2011,3758
Mongolia,2012,4352
Mongolia,2013,4366
Mongolia,2014,4159
Mongolia,2015,3919
Mongolia,2016,3660
Mongolia,2017,3669
Mongolia,2018,4135
Mongolia,2019,4340
Mongolia,2020,4007
Montenegro,2000,1627
Montenegro,2001,1910
Montenegro,2002,2107
Montenegro,2003,2789
Montenegro,2004,3380
Montenegro,2005,3675
Montenegro,2006,4426
Montenegro,2007,5976
Montenegro,2008,7368
Montenegro,2009,6727
Montenegro,2010,6688
Montenegro,2011,7329
Montenegro,2012,6587
Montenegro,2013,7189
Montenegro,2014,7388
Montenegro,2015,6517
Montenegro,2016,7034
Montenegro,2017,7803
Montenegro,2018,8850
Montenegro,2019,8911
Montenegro,2020,7686
Morocco,2000,1335
Morocco,2001,1339
Morocco,2002,1416
Morocco,2003,1725
Morocco,2004,1953
Morocco,2005,2018
Morocco,2006,2196
Morocco,2007,2499
Morocco,2008,2890
Morocco,2009,2867
Morocco,2010,2840
Morocco,2011,3047
Morocco,2012,2913
Morocco,2013,3122
Morocco,2014,3172
Morocco,2015,2875
Morocco,2016,2897
Morocco,2017,3035
Morocco,2018,3227
Morocco,2019,3230
Morocco,2020,3009
Mozambique,2000,319
Mozambique,2001,296
Mozambique,2002,303
Mozambique,2003,326
Mozambique,2004,383
Mozambique,2005,417
Mozambique,2006,435
Mozambique,2007,482
Mozambique,2008,564
Mozambique,2009,520
Mozambique,2010,472
Mozambique,2011,595
Mozambique,2012,658
Mozambique,2013,664
Mozambique,2014,674
Mozambique,2015,590
Mozambique,2016,429
Mozambique,2017,461
Mozambique,2018,503
Mozambique,2019,504
Mozambique,2020,449
Myanmar,2000,100
Myanmar,2001,91
Myanmar,2002,160
Myanmar,2003,187
Myanmar,2004,182
Myanmar,2005,216
Myanmar,2006,296
Myanmar,2007,513
Myanmar,2008,638
Myanmar,2009,840
Myanmar,2010,1018
Myanmar,2011,1062
Myanmar,2012,1036
Myanmar,2013,1122
Myanmar,2014,1141
Myanmar,2015,1144
Myanmar,2016,1158
Myanmar,2017,1258
Myanmar,2018,1279
Myanmar,2019,1477
Myanmar,2020,1400
Namibia,2000,2186
Namibia,2001,1951
Namibia,2002,1809
Namibia,2003,2622
Namibia,2004,3464
Namibia,2005,3740
Namibia,2006,4059
Namibia,2007,4405
Namibia,2008,4212
Namibia,2009,4295
Namibia,2010,5395
Namibia,2011,5807
Namibia,2012,5942
Namibia,2013,5392
Namibia,2014,5470
Namibia,2015,4897
Namibia,2016,4547
Namibia,2017,5367
Namibia,2018,5588
Namibia,2019,5037
Namibia,2020,4211
Nauru,2000,NA
Nauru,2001,NA
Nauru,2002,NA
Nauru,2003,NA
Nauru,2004,NA
Nauru,2005,NA
Nauru,2006,NA
Nauru,2007,NA
Nauru,2008,NA
Nauru,2009,NA
Nauru,2010,4752
Nauru,2011,6560
Nauru,2012,9563
Nauru,2013,9648
Nauru,2014,10171
Nauru,2015,8365
Nauru,2016,9556
Nauru,2017,10361
Nauru,2018,11615
Nauru,2019,10983
Nauru,2020,NA
Nepal,2000,229
Nepal,2001,247
Nepal,2002,245
Nepal,2003,252
Nepal,2004,286
Nepal,2005,316
Nepal,2006,347
Nepal,2007,391
Nepal,2008,470
Nepal,2009,478
Nepal,2010,592
Nepal,2011,800
Nepal,2012,804
Nepal,2013,823
Nepal,2014,845
Nepal,2015,902
Nepal,2016,900
Nepal,2017,1048
Nepal,2018,1179
Nepal,2019,1195
Nepal,2020,1155
Netherlands,2000,26149
Netherlands,2001,26873
Netherlands,2002,29204
Netherlands,2003,35672
Netherlands,2004,40362
Netherlands,2005,41979
Netherlands,2006,44863
Netherlands,2007,51733
Netherlands,2008,57644
Netherlands,2009,52514
Netherlands,2010,50950
Netherlands,2011,54159
Netherlands,2012,50073
Netherlands,2013,52184
Netherlands,2014,52830
Netherlands,2015,45175
Netherlands,2016,46008
Netherlands,2017,48555
Netherlands,2018,53019
Netherlands,2019,52295
Netherlands,2020,52304
New Caledonia,2000,12580
New Caledonia,2001,NA
New Caledonia,2002,NA
New Caledonia,2003,NA
New Caledonia,2004,NA
New Caledonia,2005,NA
New Caledonia,2006,NA
New Caledonia,2007,NA
New Caledonia,2008,NA
New Caledonia,2009,NA
New Caledonia,2010,NA
New Caledonia,2011,NA
New Caledonia,2012,NA
New Caledonia,2013,NA
New Caledonia,2014,NA
New Caledonia,2015,NA
New Caledonia,2016,NA
New Caledonia,2017,NA
New Caledonia,2018,NA
New Caledonia,2019,NA
New Caledonia,2020,NA
New Zealand,2000,13641
New Zealand,2001,13883
New Zealand,2002,16874
New Zealand,2003,21914
New Zealand,2004,25420
New Zealand,2005,27751
New Zealand,2006,26655
New Zealand,2007,32480
New Zealand,2008,31253
New Zealand,2009,28209
New Zealand,2010,33677
New Zealand,2011,38388
New Zealand,2012,39973
New Zealand,2013,42977
New Zealand,2014,44573
New Zealand,2015,38631
New Zealand,2016,40080
New Zealand,2017,42993
New Zealand,2018,43306
New Zealand,2019,41999
New Zealand,2020,41792
Nicaragua,2000,1007
Nicaragua,2001,1035
Nicaragua,2002,1001
Nicaragua,2003,1006
Nicaragua,2004,1080
Nicaragua,2005,1162
Nicaragua,2006,1227
Nicaragua,2007,1328
Nicaragua,2008,1499
Nicaragua,2009,1444
Nicaragua,2010,1504
Nicaragua,2011,1656
Nicaragua,2012,1760
Nicaragua,2013,1812
Nicaragua,2014,1934
Nicaragua,2015,2050
Nicaragua,2016,2108
Nicaragua,2017,2159
Nicaragua,2018,2015
Nicaragua,2019,1927
Nicaragua,2020,1905
Niger,2000,198
Niger,2001,208
Niger,2002,228
Niger,2003,268
Niger,2004,286
Niger,2005,322
Niger,2006,336
Niger,2007,390
Niger,2008,479
Niger,2009,464
Niger,2010,477
Niger,2011,513
Niger,2012,530
Niger,2013,553
Niger,2014,565
Niger,2015,484
Niger,2016,498
Niger,2017,518
Niger,2018,572
Niger,2019,554
Niger,2020,565
Nigeria,2000,568
Nigeria,2001,590
Nigeria,2002,742
Nigeria,2003,795
Nigeria,2004,1008
Nigeria,2005,1268
Nigeria,2006,1656
Nigeria,2007,1883
Nigeria,2008,2243
Nigeria,2009,1891
Nigeria,2010,2280
Nigeria,2011,2488
Nigeria,2012,2724
Nigeria,2013,2962
Nigeria,2014,3099
Nigeria,2015,2687
Nigeria,2016,2176
Nigeria,2017,1969
Nigeria,2018,2028
Nigeria,2019,2230
Nigeria,2020,2097
Northern Mariana Islands,2000,NA
Northern Mariana Islands,2001,NA
Northern Mariana Islands,2002,21982
Northern Mariana Islands,2003,21379
Northern Mariana Islands,2004,21139
Northern Mariana Islands,2005,18763
Northern Mariana Islands,2006,17715
Northern Mariana Islands,2007,16988
Northern Mariana Islands,2008,17191
Northern Mariana Islands,2009,14670
Northern Mariana Islands,2010,14804
Northern Mariana Islands,2011,13497
Northern Mariana Islands,2012,13737
Northern Mariana Islands,2013,14091
Northern Mariana Islands,2014,15045
Northern Mariana Islands,2015,16314
Northern Mariana Islands,2016,21891
Northern Mariana Islands,2017,27585
Northern Mariana Islands,2018,22887
Northern Mariana Islands,2019,20660
Northern Mariana Islands,2020,NA
Norway,2000,38131
Norway,2001,38543
Norway,2002,43084
Norway,2003,50135
Norway,2004,57604
Norway,2005,66810
Norway,2006,74148
Norway,2007,85140
Norway,2008,96944
Norway,2009,79978
Norway,2010,87694
Norway,2011,100601
Norway,2012,101524
Norway,2013,102913
Norway,2014,97019
Norway,2015,74356
Norway,2016,70461
Norway,2017,75497
Norway,2018,82268
Norway,2019,75826
Norway,2020,67294
Oman,2000,8601
Oman,2001,8476
Oman,2002,8627
Oman,2003,9066
Oman,2004,10126
Oman,2005,12377
Oman,2006,14421
Oman,2007,15838
Oman,2008,22140
Oman,2009,16824
Oman,2010,18713
Oman,2011,20877
Oman,2012,21873
Oman,2013,20866
Oman,2014,20035
Oman,2015,16033
Oman,2016,14610
Oman,2017,15128
Oman,2018,16521
Oman,2019,15343
Oman,2020,NA
Pakistan,2000,576
Pakistan,2001,544
Pakistan,2002,534
Pakistan,2003,599
Pakistan,2004,688
Pakistan,2005,749
Pakistan,2006,837
Pakistan,2007,908
Pakistan,2008,991
Pakistan,2009,958
Pakistan,2010,987
Pakistan,2011,1165
Pakistan,2012,1198
Pakistan,2013,1209
Pakistan,2014,1251
Pakistan,2015,1357
Pakistan,2016,1368
Pakistan,2017,1465
Pakistan,2018,1482
Pakistan,2019,1285
Pakistan,2020,1194
Palau,2000,7658
Palau,2001,8092
Palau,2002,8308
Palau,2003,7771
Palau,2004,8317
Palau,2005,9627
Palau,2006,9843
Palau,2007,10381
Palau,2008,10599
Palau,2009,10253
Palau,2010,10357
Palau,2011,11095
Palau,2012,12044
Palau,2013,12561
Palau,2014,13712
Palau,2015,15876
Palau,2016,16653
Palau,2017,16065
Palau,2018,15657
Palau,2019,14908
Palau,2020,NA
Panama,2000,4060
Panama,2001,4046
Panama,2002,4126
Panama,2003,4267
Panama,2004,4592
Panama,2005,4917
Panama,2006,5349
Panama,2007,6166
Panama,2008,7154
Panama,2009,7576
Panama,2010,8082
Panama,2011,9358
Panama,2012,10722
Panama,2013,11889
Panama,2014,12796
Panama,2015,13630
Panama,2016,14344
Panama,2017,15146
Panama,2018,15545
Panama,2019,15728
Panama,2020,12269
Papua New Guinea,2000,602
Papua New Guinea,2001,516
Papua New Guinea,2002,492
Papua New Guinea,2003,568
Papua New Guinea,2004,618
Papua New Guinea,2005,749
Papua New Guinea,2006,1257
Papua New Guinea,2007,1402
Papua New Guinea,2008,1673
Papua New Guinea,2009,1626
Papua New Guinea,2010,1949
Papua New Guinea,2011,2407
Papua New Guinea,2012,2791
Papua New Guinea,2013,2730
Papua New Guinea,2014,2921
Papua New Guinea,2015,2679
Papua New Guinea,2016,2510
Papua New Guinea,2017,2695
Papua New Guinea,2018,2801
Papua New Guinea,2019,2829
Papua New Guinea,2020,2637
Paraguay,2000,1664
Paraguay,2001,1565
Paraguay,2002,1301
Paraguay,2003,1365
Paraguay,2004,1679
Paraguay,2005,1844
Paraguay,2006,2271
Paraguay,2007,2977
Paraguay,2008,4048
Paraguay,2009,3627
Paraguay,2010,4359
Paraguay,2011,5329
Paraguay,2012,5185
Paraguay,2013,5937
Paraguay,2014,6118
Paraguay,2015,5414
Paraguay,2016,5325
Paraguay,2017,5679
Paraguay,2018,5783
Paraguay,2019,5381
Paraguay,2020,4950
Peru,2000,1956
Peru,2001,1941
Peru,2002,2021
Peru,2003,2146
Peru,2004,2417
Peru,2005,2729
Peru,2006,3154
Peru,2007,3606
Peru,2008,4221
Peru,2009,4196
Peru,2010,5082
Peru,2011,5869
Peru,2012,6529
Peru,2013,6757
Peru,2014,6673
Peru,2015,6229
Peru,2016,6205
Peru,2017,6711
Peru,2018,6958
Peru,2019,7028
Peru,2020,6127
Philippines,2000,1073
Philippines,2001,991
Philippines,2002,1036
Philippines,2003,1048
Philippines,2004,1121
Philippines,2005,1244
Philippines,2006,1452
Philippines,2007,1745
Philippines,2008,1991
Philippines,2009,1906
Philippines,2010,2217
Philippines,2011,2451
Philippines,2012,2694
Philippines,2013,2871
Philippines,2014,2960
Philippines,2015,3001
Philippines,2016,3074
Philippines,2017,3123
Philippines,2018,3252
Philippines,2019,3485
Philippines,2020,3299
Poland,2000,4501
Poland,2001,4991
Poland,2002,5207
Poland,2003,5702
Poland,2004,6681
Poland,2005,8022
Poland,2006,9035
Poland,2007,11255
Poland,2008,13996
Poland,2009,11526
Poland,2010,12613
Poland,2011,13880
Poland,2012,13097
Poland,2013,13696
Poland,2014,14271
Poland,2015,12578
Poland,2016,12447
Poland,2017,13865
Poland,2018,15468
Poland,2019,15695
Poland,2020,15656
Portugal,2000,11498
Portugal,2001,11725
Portugal,2002,12875
Portugal,2003,15763
Portugal,2004,18031
Portugal,2005,18773
Portugal,2006,19823
Portugal,2007,22782
Portugal,2008,24848
Portugal,2009,23060
Portugal,2010,22499
Portugal,2011,23187
Portugal,2012,20565
Portugal,2013,21647
Portugal,2014,22074
Portugal,2015,19242
Portugal,2016,19978
Portugal,2017,21437
Portugal,2018,23551
Portugal,2019,23285
Portugal,2020,22440
Puerto Rico,2000,16192
Puerto Rico,2001,18123
Puerto Rico,2002,18731
Puerto Rico,2003,19557
Puerto Rico,2004,20989
Puerto Rico,2005,21959
Puerto Rico,2006,22936
Puerto Rico,2007,23665
Puerto Rico,2008,24898
Puerto Rico,2009,25769
Puerto Rico,2010,26436
Puerto Rico,2011,27279
Puerto Rico,2012,27945
Puerto Rico,2013,28513
Puerto Rico,2014,28981
Puerto Rico,2015,29763
Puerto Rico,2016,30627
Puerto Rico,2017,31109
Puerto Rico,2018,31605
Puerto Rico,2019,32851
Puerto Rico,2020,32291
Qatar,2000,29976
Qatar,2001,28517
Qatar,2002,30215
Qatar,2003,34518
Qatar,2004,42125
Qatar,2005,51456
Qatar,2006,59531
Qatar,2007,65421
Qatar,2008,80234
Qatar,2009,59095
Qatar,2010,67403
Qatar,2011,82410
Qatar,2012,85076
Qatar,2013,85051
Qatar,2014,83858
Qatar,2015,63039
Qatar,2016,57163
Qatar,2017,59125
Qatar,2018,65908
Qatar,2019,62088
Qatar,2020,50805
Romania,2000,1660
Romania,2001,1825
Romania,2002,2120
Romania,2003,2679
Romania,2004,3495
Romania,2005,4618
Romania,2006,5757
Romania,2007,8360
Romania,2008,10435
Romania,2009,8548
Romania,2010,8214
Romania,2011,9099
Romania,2012,8507
Romania,2013,9548
Romania,2014,10044
Romania,2015,8969
Romania,2016,9549
Romania,2017,10807
Romania,2018,12399
Romania,2019,12890
Romania,2020,12896
Russian Federation,2000,1772
Russian Federation,2001,2100
Russian Federation,2002,2378
Russian Federation,2003,2975
Russian Federation,2004,4102
Russian Federation,2005,5323
Russian Federation,2006,6920
Russian Federation,2007,9101
Russian Federation,2008,11635
Russian Federation,2009,8563
Russian Federation,2010,10675
Russian Federation,2011,14311
Russian Federation,2012,15421
Russian Federation,2013,15975
Russian Federation,2014,14096
Russian Federation,2015,9313
Russian Federation,2016,8705
Russian Federation,2017,10720
Russian Federation,2018,11287
Russian Federation,2019,11498
Russian Federation,2020,10127
Rwanda,2000,261
Rwanda,2001,239
Rwanda,2002,233
Rwanda,2003,250
Rwanda,2004,274
Rwanda,2005,332
Rwanda,2006,367
Rwanda,2007,439
Rwanda,2008,544
Rwanda,2009,580
Rwanda,2010,610
Rwanda,2011,668
Rwanda,2012,725
Rwanda,2013,723
Rwanda,2014,744
Rwanda,2015,751
Rwanda,2016,745
Rwanda,2017,772
Rwanda,2018,784
Rwanda,2019,820
Rwanda,2020,798
Samoa,2000,1542
Samoa,2001,1557
Samoa,2002,1633
Samoa,2003,1909
Samoa,2004,2353
Samoa,2005,2590
Samoa,2006,2797
Samoa,2007,3134
Samoa,2008,3379
Samoa,2009,3168
Samoa,2010,3566
Samoa,2011,3933
Samoa,2012,4022
Samoa,2013,4038
Samoa,2014,3938
Samoa,2015,4074
Samoa,2016,4109
Samoa,2017,4260
Samoa,2018,4189
Samoa,2019,4324
Samoa,2020,4067
San Marino,2000,36604
San Marino,2001,38731
San Marino,2002,41465
San Marino,2003,51270
San Marino,2004,59559
San Marino,2005,60901
San Marino,2006,64261
San Marino,2007,72698
San Marino,2008,78644
San Marino,2009,66703
San Marino,2010,60255
San Marino,2011,57298
San Marino,2012,49988
San Marino,2013,51571
San Marino,2014,50817
San Marino,2015,42663
San Marino,2016,43828
San Marino,2017,45399
San Marino,2018,48997
San Marino,2019,47731
San Marino,2020,NA
Sao Tome and Principe,2000,NA
Sao Tome and Principe,2001,525
Sao Tome and Principe,2002,578
Sao Tome and Principe,2003,679
Sao Tome and Principe,2004,745
Sao Tome and Principe,2005,867
Sao Tome and Principe,2006,883
Sao Tome and Principe,2007,897
Sao Tome and Principe,2008,1099
Sao Tome and Principe,2009,1068
Sao Tome and Principe,2010,1090
Sao Tome and Principe,2011,1255
Sao Tome and Principe,2012,1331
Sao Tome and Principe,2013,1565
Sao Tome and Principe,2014,1770
Sao Tome and Principe,2015,1585
Sao Tome and Principe,2016,1700
Sao Tome and Principe,2017,1814
Sao Tome and Principe,2018,1954
Sao Tome and Principe,2019,1988
Sao Tome and Principe,2020,2158
Saudi Arabia,2000,9171
Saudi Arabia,2001,8685
Saudi Arabia,2002,8695
Saudi Arabia,2003,9610
Saudi Arabia,2004,11185
Saudi Arabia,2005,13791
Saudi Arabia,2006,15385
Saudi Arabia,2007,16517
Saudi Arabia,2008,20078
Saudi Arabia,2009,16113
Saudi Arabia,2010,19263
Saudi Arabia,2011,23746
Saudi Arabia,2012,25244
Saudi Arabia,2013,24845
Saudi Arabia,2014,24464
Saudi Arabia,2015,20628
Saudi Arabia,2016,19879
Saudi Arabia,2017,20802
Saudi Arabia,2018,23337
Saudi Arabia,2019,23140
Saudi Arabia,2020,20110
Senegal,2000,617
Senegal,2001,652
Senegal,2002,684
Senegal,2003,836
Senegal,2004,937
Senegal,2005,998
Senegal,2006,1031
Senegal,2007,1198
Senegal,2008,1404
Senegal,2009,1309
Senegal,2010,1272
Senegal,2011,1367
Senegal,2012,1318
Senegal,2013,1373
Senegal,2014,1397
Senegal,2015,1219
Senegal,2016,1270
Senegal,2017,1362
Senegal,2018,1458
Senegal,2019,1430
Senegal,2020,1488
Serbia,2000,915
Serbia,2001,1727
Serbia,2002,2284
Serbia,2003,3005
Serbia,2004,3503
Serbia,2005,3720
Serbia,2006,4383
Serbia,2007,5848
Serbia,2008,7101
Serbia,2009,6169
Serbia,2010,5735
Serbia,2011,6809
Serbia,2012,6016
Serbia,2013,6755
Serbia,2014,6600
Serbia,2015,5589
Serbia,2016,5765
Serbia,2017,6293
Serbia,2018,7252
Serbia,2019,7412
Serbia,2020,7666
Seychelles,2000,7579
Seychelles,2001,7663
Seychelles,2002,8331
Seychelles,2003,8525
Seychelles,2004,10177
Seychelles,2005,11093
Seychelles,2006,12014
Seychelles,2007,12155
Seychelles,2008,11123
Seychelles,2009,9707
Seychelles,2010,10805
Seychelles,2011,12189
Seychelles,2012,12007
Seychelles,2013,14766
Seychelles,2014,14700
Seychelles,2015,14745
Seychelles,2016,15069
Seychelles,2017,15906
Seychelles,2018,16391
Seychelles,2019,16199
Seychelles,2020,11425
Sierra Leone,2000,139
Sierra Leone,2001,229
Sierra Leone,2002,252
Sierra Leone,2003,266
Sierra Leone,2004,267
Sierra Leone,2005,292
Sierra Leone,2006,323
Sierra Leone,2007,360
Sierra Leone,2008,408
Sierra Leone,2009,391
Sierra Leone,2010,402
Sierra Leone,2011,448
Sierra Leone,2012,566
Sierra Leone,2013,717
Sierra Leone,2014,715
Sierra Leone,2015,588
Sierra Leone,2016,501
Sierra Leone,2017,499
Sierra Leone,2018,534
Sierra Leone,2019,528
Sierra Leone,2020,485
Singapore,2000,23852
Singapore,2001,21700
Singapore,2002,22160
Singapore,2003,23730
Singapore,2004,27609
Singapore,2005,29961
Singapore,2006,33769
Singapore,2007,39433
Singapore,2008,40007
Singapore,2009,38927
Singapore,2010,47237
Singapore,2011,53890
Singapore,2012,55546
Singapore,2013,56967
Singapore,2014,57563
Singapore,2015,55647
Singapore,2016,56848
Singapore,2017,61176
Singapore,2018,66679
Singapore,2019,65641
Singapore,2020,59798
Sint Maarten (Dutch part),2000,NA
Sint Maarten (Dutch part),2001,NA
Sint Maarten (Dutch part),2002,NA
Sint Maarten (Dutch part),2003,NA
Sint Maarten (Dutch part),2004,NA
Sint Maarten (Dutch part),2005,NA
Sint Maarten (Dutch part),2006,NA
Sint Maarten (Dutch part),2007,NA
Sint Maarten (Dutch part),2008,NA
Sint Maarten (Dutch part),2009,NA
Sint Maarten (Dutch part),2010,NA
Sint Maarten (Dutch part),2011,27997
Sint Maarten (Dutch part),2012,28460
Sint Maarten (Dutch part),2013,27943
Sint Maarten (Dutch part),2014,33044
Sint Maarten (Dutch part),2015,32275
Sint Maarten (Dutch part),2016,31617
Sint Maarten (Dutch part),2017,29369
Sint Maarten (Dutch part),2018,29160
Sint Maarten (Dutch part),2019,NA
Sint Maarten (Dutch part),2020,NA
Slovak Republic,2000,5413
Slovak Republic,2001,5717
Slovak Republic,2002,6534
Slovak Republic,2003,8713
Slovak Republic,2004,10672
Slovak Republic,2005,11686
Slovak Republic,2006,13160
Slovak Republic,2007,16086
Slovak Republic,2008,18677
Slovak Republic,2009,16532
Slovak Republic,2010,16751
Slovak Republic,2011,18362
Slovak Republic,2012,17482
Slovak Republic,2013,18260
Slovak Republic,2014,18674
Slovak Republic,2015,16311
Slovak Republic,2016,16509
Slovak Republic,2017,17504
Slovak Republic,2018,19365
Slovak Republic,2019,19273
Slovak Republic,2020,19157
Slovenia,2000,10201
Slovenia,2001,10480
Slovenia,2002,11777
Slovenia,2003,14849
Slovenia,2004,17233
Slovenia,2005,18099
Slovenia,2006,19673
Slovenia,2007,23788
Slovenia,2008,27483
Slovenia,2009,24694
Slovenia,2010,23510
Slovenia,2011,25095
Slovenia,2012,22643
Slovenia,2013,23497
Slovenia,2014,24215
Slovenia,2015,20882
Slovenia,2016,21664
Slovenia,2017,23455
Slovenia,2018,26103
Slovenia,2019,25941
Slovenia,2020,25180
Solomon Islands,2000,1018
Solomon Islands,2001,966
Solomon Islands,2002,796
Solomon Islands,2003,789
Solomon Islands,2004,867
Solomon Islands,2005,1015
Solomon Islands,2006,1120
Solomon Islands,2007,1260
Solomon Islands,2008,1389
Solomon Islands,2009,1429
Solomon Islands,2010,1604
Solomon Islands,2011,1939
Solomon Islands,2012,2142
Solomon Islands,2013,2249
Solomon Islands,2014,2275
Solomon Islands,2015,2167
Solomon Islands,2016,2225
Solomon Islands,2017,2333
Solomon Islands,2018,2412
Solomon Islands,2019,2344
Solomon Islands,2020,2258
Somalia,2000,NA
Somalia,2001,NA
Somalia,2002,NA
Somalia,2003,NA
Somalia,2004,NA
Somalia,2005,NA
Somalia,2006,NA
Somalia,2007,NA
Somalia,2008,NA
Somalia,2009,NA
Somalia,2010,NA
Somalia,2011,NA
Somalia,2012,NA
Somalia,2013,298
Somalia,2014,295
Somalia,2015,293
Somalia,2016,296
Somalia,2017,309
Somalia,2018,315
Somalia,2019,320
Somalia,2020,309
South Africa,2000,3032
South Africa,2001,2666
South Africa,2002,2502
South Africa,2003,3751
South Africa,2004,4834
South Africa,2005,5384
South Africa,2006,5602
South Africa,2007,6096
South Africa,2008,5761
South Africa,2009,5863
South Africa,2010,7329
South Africa,2011,8007
South Africa,2012,7502
South Africa,2013,6833
South Africa,2014,6433
South Africa,2015,5735
South Africa,2016,5273
South Africa,2017,6131
South Africa,2018,6373
South Africa,2019,6001
South Africa,2020,5091
South Sudan,2000,NA
South Sudan,2001,NA
South Sudan,2002,NA
South Sudan,2003,NA
South Sudan,2004,NA
South Sudan,2005,NA
South Sudan,2006,NA
South Sudan,2007,NA
South Sudan,2008,1669
South Sudan,2009,1338
South Sudan,2010,1536
South Sudan,2011,1516
South Sudan,2012,1180
South Sudan,2013,1779
South Sudan,2014,1323
South Sudan,2015,1120
South Sudan,2016,NA
South Sudan,2017,NA
South Sudan,2018,NA
South Sudan,2019,NA
South Sudan,2020,NA
Spain,2000,14713
Spain,2001,15356
Spain,2002,17026
Spain,2003,21463
Spain,2004,24861
Spain,2005,26419
Spain,2006,28365
Spain,2007,32550
Spain,2008,35366
Spain,2009,32042
Spain,2010,30503
Spain,2011,31636
Spain,2012,28324
Spain,2013,29060
Spain,2014,29462
Spain,2015,25732
Spain,2016,26505
Spain,2017,28101
Spain,2018,30375
Spain,2019,29565
Spain,2020,27057
Sri Lanka,2000,870
Sri Lanka,2001,833
Sri Lanka,2002,867
Sri Lanka,2003,982
Sri Lanka,2004,1066
Sri Lanka,2005,1249
Sri Lanka,2006,1436
Sri Lanka,2007,1630
Sri Lanka,2008,2037
Sri Lanka,2009,2090
Sri Lanka,2010,2800
Sri Lanka,2011,3201
Sri Lanka,2012,3351
Sri Lanka,2013,3610
Sri Lanka,2014,3819
Sri Lanka,2015,3844
Sri Lanka,2016,3886
Sri Lanka,2017,4077
Sri Lanka,2018,4059
Sri Lanka,2019,3852
Sri Lanka,2020,3682
St. Kitts and Nevis,2000,9566
St. Kitts and Nevis,2001,10283
St. Kitts and Nevis,2002,10651
St. Kitts and Nevis,2003,10271
St. Kitts and Nevis,2004,10943
St. Kitts and Nevis,2005,11679
St. Kitts and Nevis,2006,13614
St. Kitts and Nevis,2007,14430
St. Kitts and Nevis,2008,15593
St. Kitts and Nevis,2009,15388
St. Kitts and Nevis,2010,15510
St. Kitts and Nevis,2011,16540
St. Kitts and Nevis,2012,16046
St. Kitts and Nevis,2013,16686
St. Kitts and Nevis,2014,18051
St. Kitts and Nevis,2015,18029
St. Kitts and Nevis,2016,18811
St. Kitts and Nevis,2017,19159
St. Kitts and Nevis,2018,19277
St. Kitts and Nevis,2019,19773
St. Kitts and Nevis,2020,17436
St. Lucia,2000,5950
St. Lucia,2001,5643
St. Lucia,2002,5646
St. Lucia,2003,6151
St. Lucia,2004,6592
St. Lucia,2005,6949
St. Lucia,2006,7669
St. Lucia,2007,7970
St. Lucia,2008,8457
St. Lucia,2009,8138
St. Lucia,2010,8540
St. Lucia,2011,8984
St. Lucia,2012,9086
St. Lucia,2013,9379
St. Lucia,2014,9843
St. Lucia,2015,10094
St. Lucia,2016,10362
St. Lucia,2017,11047
St. Lucia,2018,11358
St. Lucia,2019,11611
St. Lucia,2020,9276
St. Martin (French part),2000,NA
St. Martin (French part),2001,NA
St. Martin (French part),2002,NA
St. Martin (French part),2003,NA
St. Martin (French part),2004,NA
St. Martin (French part),2005,NA
St. Martin (French part),2006,NA
St. Martin (French part),2007,NA
St. Martin (French part),2008,NA
St. Martin (French part),2009,NA
St. Martin (French part),2010,NA
St. Martin (French part),2011,NA
St. Martin (French part),2012,NA
St. Martin (French part),2013,NA
St. Martin (French part),2014,NA
St. Martin (French part),2015,NA
St. Martin (French part),2016,NA
St. Martin (French part),2017,NA
St. Martin (French part),2018,NA
St. Martin (French part),2019,NA
St. Martin (French part),2020,NA
St. Vincent and the Grenadines,2000,3676
St. Vincent and the Grenadines,2001,3986
St. Vincent and the Grenadines,2002,4273
St. Vincent and the Grenadines,2003,4448
St. Vincent and the Grenadines,2004,4810
St. Vincent and the Grenadines,2005,5070
St. Vincent and the Grenadines,2006,5625
St. Vincent and the Grenadines,2007,6307
St. Vincent and the Grenadines,2008,6415
St. Vincent and the Grenadines,2009,6232
St. Vincent and the Grenadines,2010,6292
St. Vincent and the Grenadines,2011,6242
St. Vincent and the Grenadines,2012,6390
St. Vincent and the Grenadines,2013,6639
St. Vincent and the Grenadines,2014,6684
St. Vincent and the Grenadines,2015,6922
St. Vincent and the Grenadines,2016,7075
St. Vincent and the Grenadines,2017,7213
St. Vincent and the Grenadines,2018,7361
St. Vincent and the Grenadines,2019,7457
St. Vincent and the Grenadines,2020,7298
Sudan,2000,366
Sudan,2001,383
Sudan,2002,418
Sudan,2003,485
Sudan,2004,573
Sudan,2005,689
Sudan,2006,905
Sudan,2007,1128
Sudan,2008,1305
Sudan,2009,1164
Sudan,2010,1490
Sudan,2011,1438
Sudan,2012,1333
Sudan,2013,1381
Sudan,2014,1625
Sudan,2015,1657
Sudan,2016,1325
Sudan,2017,1103
Sudan,2018,826
Sudan,2019,753
Sudan,2020,595
Suriname,2000,2012
Suriname,2001,1751
Suriname,2002,2268
Suriname,2003,2611
Suriname,2004,3006
Suriname,2005,3591
Suriname,2006,5198
Suriname,2007,5745
Suriname,2008,6832
Suriname,2009,7408
Suriname,2010,8256
Suriname,2011,8263
Suriname,2012,9201
Suriname,2013,9402
Suriname,2014,9472
Suriname,2015,9168
Suriname,2016,5873
Suriname,2017,6296
Suriname,2018,6938
Suriname,2019,7261
Suriname,2020,6491
Eswatini,2000,1729
Eswatini,2001,1522
Eswatini,2002,1405
Eswatini,2003,2149
Eswatini,2004,2699
Eswatini,2005,3084
Eswatini,2006,3177
Eswatini,2007,3327
Eswatini,2008,3137
Eswatini,2009,3386
Eswatini,2010,4168
Eswatini,2011,4497
Eswatini,2012,4528
Eswatini,2013,4230
Eswatini,2014,4039
Eswatini,2015,3680
Eswatini,2016,3426
Eswatini,2017,3914
Eswatini,2018,4106
Eswatini,2019,3895
Eswatini,2020,3415
Sweden,2000,29625
Sweden,2001,27248
Sweden,2002,29899
Sweden,2003,37322
Sweden,2004,42822
Sweden,2005,43437
Sweden,2006,46594
Sweden,2007,53700
Sweden,2008,56153
Sweden,2009,46947
Sweden,2010,52869
Sweden,2011,60756
Sweden,2012,58038
Sweden,2013,61127
Sweden,2014,60020
Sweden,2015,51545
Sweden,2016,51965
Sweden,2017,53792
Sweden,2018,54589
Sweden,2019,51687
Sweden,2020,51926
Switzerland,2000,38952
Switzerland,2001,39728
Switzerland,2002,42579
Switzerland,2003,49470
Switzerland,2004,54878
Switzerland,2005,56547
Switzerland,2006,59301
Switzerland,2007,65360
Switzerland,2008,74572
Switzerland,2009,72083
Switzerland,2010,77117
Switzerland,2011,91254
Switzerland,2012,86548
Switzerland,2013,88109
Switzerland,2014,89685
Switzerland,2015,84776
Switzerland,2016,83073
Switzerland,2017,83352
Switzerland,2018,86430
Switzerland,2019,85300
Switzerland,2020,86602
Syrian Arab Republic,2000,1178
Syrian Arab Republic,2001,1258
Syrian Arab Republic,2002,1263
Syrian Arab Republic,2003,1253
Syrian Arab Republic,2004,1407
Syrian Arab Republic,2005,1572
Syrian Arab Republic,2006,1749
Syrian Arab Republic,2007,2033
Syrian Arab Republic,2008,NA
Syrian Arab Republic,2009,NA
Syrian Arab Republic,2010,NA
Syrian Arab Republic,2011,NA
Syrian Arab Republic,2012,NA
Syrian Arab Republic,2013,NA
Syrian Arab Republic,2014,NA
Syrian Arab Republic,2015,NA
Syrian Arab Republic,2016,NA
Syrian Arab Republic,2017,NA
Syrian Arab Republic,2018,NA
Syrian Arab Republic,2019,NA
Syrian Arab Republic,2020,NA
Tajikistan,2000,138
Tajikistan,2001,171
Tajikistan,2002,190
Tajikistan,2003,238
Tajikistan,2004,312
Tajikistan,2005,341
Tajikistan,2006,409
Tajikistan,2007,527
Tajikistan,2008,716
Tajikistan,2009,676
Tajikistan,2010,750
Tajikistan,2011,847
Tajikistan,2012,969
Tajikistan,2013,1048
Tajikistan,2014,1104
Tajikistan,2015,978
Tajikistan,2016,807
Tajikistan,2017,849
Tajikistan,2018,853
Tajikistan,2019,891
Tajikistan,2020,859
Tanzania,2000,411
Tanzania,2001,407
Tanzania,2002,412
Tanzania,2003,431
Tanzania,2004,459
Tanzania,2005,493
Tanzania,2006,485
Tanzania,2007,553
Tanzania,2008,687
Tanzania,2009,695
Tanzania,2010,743
Tanzania,2011,781
Tanzania,2012,868
Tanzania,2013,970
Tanzania,2014,1030
Tanzania,2015,948
Tanzania,2016,967
Tanzania,2017,1005
Tanzania,2018,1043
Tanzania,2019,1086
Tanzania,2020,1076
Thailand,2000,2008
Thailand,2001,1893
Thailand,2002,2096
Thailand,2003,2359
Thailand,2004,2660
Thailand,2005,2894
Thailand,2006,3370
Thailand,2007,3973
Thailand,2008,4380
Thailand,2009,4213
Thailand,2010,5076
Thailand,2011,5492
Thailand,2012,5861
Thailand,2013,6168
Thailand,2014,5952
Thailand,2015,5840
Thailand,2016,5993
Thailand,2017,6594
Thailand,2018,7297
Thailand,2019,7817
Thailand,2020,7189
Timor-Leste,2000,415
Timor-Leste,2001,530
Timor-Leste,2002,509
Timor-Leste,2003,518
Timor-Leste,2004,453
Timor-Leste,2005,465
Timor-Leste,2006,446
Timor-Leste,2007,524
Timor-Leste,2008,614
Timor-Leste,2009,677
Timor-Leste,2010,806
Timor-Leste,2011,948
Timor-Leste,2012,1013
Timor-Leste,2013,1210
Timor-Leste,2014,1232
Timor-Leste,2015,1333
Timor-Leste,2016,1354
Timor-Leste,2017,1286
Timor-Leste,2018,1230
Timor-Leste,2019,1561
Timor-Leste,2020,1381
Togo,2000,303
Togo,2001,293
Togo,2002,328
Togo,2003,397
Togo,2004,413
Togo,2005,407
Togo,2006,408
Togo,2007,450
Togo,2008,546
Togo,2009,541
Togo,2010,534
Togo,2011,587
Togo,2012,572
Togo,2013,621
Togo,2014,641
Togo,2015,571
Togo,2016,803
Togo,2017,831
Togo,2018,902
Togo,2019,893
Togo,2020,915
Tonga,2000,2091
Tonga,2001,1839
Tonga,2002,1846
Tonga,2003,2031
Tonga,2004,2302
Tonga,2005,2594
Tonga,2006,2873
Tonga,2007,2910
Tonga,2008,3332
Tonga,2009,3007
Tonga,2010,3528
Tonga,2011,4003
Tonga,2012,4582
Tonga,2013,4428
Tonga,2014,4354
Tonga,2015,4336
Tonga,2016,4158
Tonga,2017,4513
Tonga,2018,4741
Tonga,2019,4903
Tonga,2020,NA
Trinidad and Tobago,2000,6435
Trinidad and Tobago,2001,6940
Trinidad and Tobago,2002,7053
Trinidad and Tobago,2003,8808
Trinidad and Tobago,2004,10294
Trinidad and Tobago,2005,12327
Trinidad and Tobago,2006,14103
Trinidad and Tobago,2007,16540
Trinidad and Tobago,2008,21204
Trinidad and Tobago,2009,14514
Trinidad and Tobago,2010,16683
Trinidad and Tobago,2011,19034
Trinidad and Tobago,2012,19157
Trinidad and Tobago,2013,20144
Trinidad and Tobago,2014,20271
Trinidad and Tobago,2015,18214
Trinidad and Tobago,2016,16251
Trinidad and Tobago,2017,16174
Trinidad and Tobago,2018,17038
Trinidad and Tobago,2019,16637
Trinidad and Tobago,2020,15384
Tunisia,2000,2212
Tunisia,2001,2253
Tunisia,2002,2344
Tunisia,2003,2760
Tunisia,2004,3111
Tunisia,2005,3193
Tunisia,2006,3370
Tunisia,2007,3776
Tunisia,2008,4308
Tunisia,2009,4128
Tunisia,2010,4142
Tunisia,2011,4265
Tunisia,2012,4153
Tunisia,2013,4223
Tunisia,2014,4305
Tunisia,2015,3862
Tunisia,2016,3698
Tunisia,2017,3481
Tunisia,2018,3439
Tunisia,2019,3352
Tunisia,2020,3320
Turkey,2000,4337
Turkey,2001,3143
Turkey,2002,3688
Turkey,2003,4760
Turkey,2004,6102
Turkey,2005,7456
Turkey,2006,8102
Turkey,2007,9792
Turkey,2008,10941
Turkey,2009,9103
Turkey,2010,10743
Turkey,2011,11421
Turkey,2012,11796
Turkey,2013,12615
Turkey,2014,12158
Turkey,2015,11006
Turkey,2016,10895
Turkey,2017,10590
Turkey,2018,9453
Turkey,2019,9127
Turkey,2020,8538
Turkmenistan,2000,643
Turkmenistan,2001,774
Turkmenistan,2002,968
Turkmenistan,2003,1284
Turkmenistan,2004,1454
Turkmenistan,2005,1704
Turkmenistan,2006,2136
Turkmenistan,2007,2600
Turkmenistan,2008,3904
Turkmenistan,2009,4036
Turkmenistan,2010,4439
Turkmenistan,2011,5650
Turkmenistan,2012,6675
Turkmenistan,2013,7304
Turkmenistan,2014,7962
Turkmenistan,2015,6433
Turkmenistan,2016,6388
Turkmenistan,2017,6587
Turkmenistan,2018,6967
Turkmenistan,2019,7612
Turkmenistan,2020,NA
Turks and Caicos Islands,2000,NA
Turks and Caicos Islands,2001,16625
Turks and Caicos Islands,2002,15786
Turks and Caicos Islands,2003,16385
Turks and Caicos Islands,2004,18181
Turks and Caicos Islands,2005,20533
Turks and Caicos Islands,2006,24559
Turks and Caicos Islands,2007,25458
Turks and Caicos Islands,2008,27650
Turks and Caicos Islands,2009,22020
Turks and Caicos Islands,2010,21030
Turks and Caicos Islands,2011,21839
Turks and Caicos Islands,2012,21345
Turks and Caicos Islands,2013,21715
Turks and Caicos Islands,2014,23779
Turks and Caicos Islands,2015,26184
Turks and Caicos Islands,2016,28241
Turks and Caicos Islands,2017,27545
Turks and Caicos Islands,2018,29553
Turks and Caicos Islands,2019,31351
Turks and Caicos Islands,2020,23880
Tuvalu,2000,1463
Tuvalu,2001,1392
Tuvalu,2002,1611
Tuvalu,2003,1875
Tuvalu,2004,2182
Tuvalu,2005,2185
Tuvalu,2006,2264
Tuvalu,2007,2645
Tuvalu,2008,2937
Tuvalu,2009,2603
Tuvalu,2010,3025
Tuvalu,2011,3643
Tuvalu,2012,3506
Tuvalu,2013,3457
Tuvalu,2014,3398
Tuvalu,2015,3198
Tuvalu,2016,3254
Tuvalu,2017,3574
Tuvalu,2018,3702
Tuvalu,2019,4056
Tuvalu,2020,4143
Uganda,2000,262
Uganda,2001,239
Uganda,2002,246
Uganda,2003,254
Uganda,2004,296
Uganda,2005,334
Uganda,2006,349
Uganda,2007,404
Uganda,2008,475
Uganda,2009,797
Uganda,2010,819
Uganda,2011,829
Uganda,2012,787
Uganda,2013,807
Uganda,2014,880
Uganda,2015,844
Uganda,2016,733
Uganda,2017,747
Uganda,2018,770
Uganda,2019,794
Uganda,2020,817
Ukraine,2000,636
Ukraine,2001,780
Ukraine,2002,879
Ukraine,2003,1048
Ukraine,2004,1366
Ukraine,2005,1827
Ukraine,2006,2301
Ukraine,2007,3066
Ukraine,2008,3887
Ukraine,2009,2543
Ukraine,2010,2965
Ukraine,2011,3570
Ukraine,2012,3855
Ukraine,2013,4030
Ukraine,2014,3105
Ukraine,2015,2125
Ukraine,2016,2188
Ukraine,2017,2641
Ukraine,2018,3097
Ukraine,2019,3663
Ukraine,2020,3727
United Arab Emirates,2000,33291
United Arab Emirates,2001,31281
United Arab Emirates,2002,31568
United Arab Emirates,2003,33499
United Arab Emirates,2004,36333
United Arab Emirates,2005,39365
United Arab Emirates,2006,41907
United Arab Emirates,2007,41809
United Arab Emirates,2008,44499
United Arab Emirates,2009,32024
United Arab Emirates,2010,33893
United Arab Emirates,2011,39195
United Arab Emirates,2012,40976
United Arab Emirates,2013,42413
United Arab Emirates,2014,43752
United Arab Emirates,2015,38663
United Arab Emirates,2016,38142
United Arab Emirates,2017,40645
United Arab Emirates,2018,43839
United Arab Emirates,2019,43103
United Arab Emirates,2020,NA
United Kingdom,2000,28156
United Kingdom,2001,27718
United Kingdom,2002,29983
United Kingdom,2003,34384
United Kingdom,2004,40209
United Kingdom,2005,41933
United Kingdom,2006,44473
United Kingdom,2007,50445
United Kingdom,2008,47267
United Kingdom,2009,38737
United Kingdom,2010,39537
United Kingdom,2011,42048
United Kingdom,2012,42449
United Kingdom,2013,43401
United Kingdom,2014,47452
United Kingdom,2015,45039
United Kingdom,2016,41048
United Kingdom,2017,40305
United Kingdom,2018,42993
United Kingdom,2019,42354
United Kingdom,2020,40285
United States,2000,36335
United States,2001,37133
United States,2002,38023
United States,2003,39496
United States,2004,41713
United States,2005,44115
United States,2006,46299
United States,2007,47976
United States,2008,48383
United States,2009,47100
United States,2010,48467
United States,2011,49883
United States,2012,51603
United States,2013,53107
United States,2014,55050
United States,2015,56863
United States,2016,58021
United States,2017,60110
United States,2018,63064
United States,2019,65280
United States,2020,63544
Uruguay,2000,6875
Uruguay,2001,6284
Uruguay,2002,4091
Uruguay,2003,3624
Uruguay,2004,4121
Uruguay,2005,5227
Uruguay,2006,5888
Uruguay,2007,7027
Uruguay,2008,9091
Uruguay,2009,9452
Uruguay,2010,11992
Uruguay,2011,14237
Uruguay,2012,15172
Uruguay,2013,16974
Uruguay,2014,16832
Uruguay,2015,15614
Uruguay,2016,16716
Uruguay,2017,18691
Uruguay,2018,18704
Uruguay,2019,17688
Uruguay,2020,15438
Uzbekistan,2000,558
Uzbekistan,2001,457
Uzbekistan,2002,383
Uzbekistan,2003,396
Uzbekistan,2004,465
Uzbekistan,2005,547
Uzbekistan,2006,654
Uzbekistan,2007,830
Uzbekistan,2008,1082
Uzbekistan,2009,1213
Uzbekistan,2010,1634
Uzbekistan,2011,1926
Uzbekistan,2012,2137
Uzbekistan,2013,2281
Uzbekistan,2014,2492
Uzbekistan,2015,2615
Uzbekistan,2016,2568
Uzbekistan,2017,1827
Uzbekistan,2018,1529
Uzbekistan,2019,1719
Uzbekistan,2020,1686
Vanuatu,2000,1471
Vanuatu,2001,1363
Vanuatu,2002,1354
Vanuatu,2003,1581
Vanuatu,2004,1788
Vanuatu,2005,1887
Vanuatu,2006,2050
Vanuatu,2007,2353
Vanuatu,2008,2629
Vanuatu,2009,2574
Vanuatu,2010,2839
Vanuatu,2011,3174
Vanuatu,2012,2997
Vanuatu,2013,2955
Vanuatu,2014,2927
Vanuatu,2015,2696
Vanuatu,2016,2806
Vanuatu,2017,3082
Vanuatu,2018,3125
Vanuatu,2019,3102
Vanuatu,2020,2783
"Venezuela, RB",2000,4842
"Venezuela, RB",2001,4987
"Venezuela, RB",2002,3701
"Venezuela, RB",2003,3273
"Venezuela, RB",2004,4326
"Venezuela, RB",2005,5505
"Venezuela, RB",2006,6833
"Venezuela, RB",2007,8454
"Venezuela, RB",2008,11433
"Venezuela, RB",2009,11765
"Venezuela, RB",2010,13825
"Venezuela, RB",2011,10956
"Venezuela, RB",2012,12986
"Venezuela, RB",2013,12458
"Venezuela, RB",2014,16056
"Venezuela, RB",2015,NA
"Venezuela, RB",2016,NA
"Venezuela, RB",2017,NA
"Venezuela, RB",2018,NA
"Venezuela, RB",2019,NA
"Venezuela, RB",2020,NA
Vietnam,2000,390
Vietnam,2001,405
Vietnam,2002,430
Vietnam,2003,481
Vietnam,2004,547
Vietnam,2005,687
Vietnam,2006,784
Vietnam,2007,906
Vietnam,2008,1149
Vietnam,2009,1217
Vietnam,2010,1318
Vietnam,2011,1525
Vietnam,2012,1735
Vietnam,2013,1887
Vietnam,2014,2030
Vietnam,2015,2085
Vietnam,2016,2192
Vietnam,2017,2366
Vietnam,2018,2566
Vietnam,2019,2715
Vietnam,2020,2786
Virgin Islands (U.S.),2000,NA
Virgin Islands (U.S.),2001,NA
Virgin Islands (U.S.),2002,30127
Virgin Islands (U.S.),2003,31823
Virgin Islands (U.S.),2004,35025
Virgin Islands (U.S.),2005,40930
Virgin Islands (U.S.),2006,41562
Virgin Islands (U.S.),2007,44334
Virgin Islands (U.S.),2008,39208
Virgin Islands (U.S.),2009,38772
Virgin Islands (U.S.),2010,40044
Virgin Islands (U.S.),2011,39145
Virgin Islands (U.S.),2012,37851
Virgin Islands (U.S.),2013,34820
Virgin Islands (U.S.),2014,33574
Virgin Islands (U.S.),2015,34796
Virgin Islands (U.S.),2016,36023
Virgin Islands (U.S.),2017,36288
Virgin Islands (U.S.),2018,37233
Virgin Islands (U.S.),2019,NA
Virgin Islands (U.S.),2020,NA
West Bank and Gaza,2000,1476
West Bank and Gaza,2001,1336
West Bank and Gaza,2002,1156
West Bank and Gaza,2003,1258
West Bank and Gaza,2004,1422
West Bank and Gaza,2005,1544
West Bank and Gaza,2006,1570
West Bank and Gaza,2007,1664
West Bank and Gaza,2008,2035
West Bank and Gaza,2009,2192
West Bank and Gaza,2010,2557
West Bank and Gaza,2011,2881
West Bank and Gaza,2012,3067
West Bank and Gaza,2013,3315
West Bank and Gaza,2014,3352
West Bank and Gaza,2015,3272
West Bank and Gaza,2016,3528
West Bank and Gaza,2017,3620
West Bank and Gaza,2018,3562
West Bank and Gaza,2019,3657
West Bank and Gaza,2020,3240
"Yemen, Rep.",2000,554
"Yemen, Rep.",2001,550
"Yemen, Rep.",2002,580
"Yemen, Rep.",2003,620
"Yemen, Rep.",2004,710
"Yemen, Rep.",2005,833
"Yemen, Rep.",2006,921
"Yemen, Rep.",2007,1017
"Yemen, Rep.",2008,1229
"Yemen, Rep.",2009,1116
"Yemen, Rep.",2010,1335
"Yemen, Rep.",2011,1375
"Yemen, Rep.",2012,1447
"Yemen, Rep.",2013,1607
"Yemen, Rep.",2014,1674
"Yemen, Rep.",2015,1602
"Yemen, Rep.",2016,1139
"Yemen, Rep.",2017,961
"Yemen, Rep.",2018,824
"Yemen, Rep.",2019,NA
"Yemen, Rep.",2020,NA
Zambia,2000,346
Zambia,2001,383
Zambia,2002,382
Zambia,2003,435
Zambia,2004,539
Zambia,2005,703
Zambia,2006,1048
Zambia,2007,1124
Zambia,2008,1394
Zambia,2009,1160
Zambia,2010,1489
Zambia,2011,1673
Zambia,2012,1763
Zambia,2013,1878
Zambia,2014,1762
Zambia,2015,1338
Zambia,2016,1281
Zambia,2017,1535
Zambia,2018,1516
Zambia,2019,1305
Zambia,2020,1051
Zimbabwe,2000,563
Zimbabwe,2001,568
Zimbabwe,2002,531
Zimbabwe,2003,478
Zimbabwe,2004,483
Zimbabwe,2005,477
Zimbabwe,2006,448
Zimbabwe,2007,432
Zimbabwe,2008,357
Zimbabwe,2009,772
Zimbabwe,2010,948
Zimbabwe,2011,1094
Zimbabwe,2012,1305
Zimbabwe,2013,1430
Zimbabwe,2014,1435
Zimbabwe,2015,1445
Zimbabwe,2016,1465
Zimbabwe,2017,1336
Zimbabwe,2018,1352
Zimbabwe,2019,1156
Zimbabwe,2020,1128