Country Name,Country Code,Series Name,Series Code,2016 [GDP GROWTH|2016],2017 [GDP GROWTH|2017],2018 [GDP GROWTH|2018],2019 [GDP GROWTH|2019],Growth,2016 [YR2016],2017 [YR2017],2018 [YR2018],2019 [YR2019],2020 [YR2020]
Afghanistan,AFG,GDP growth (annual %),NY.GDP.MKTP.KD.ZG,2,3,1,4,-2,35383028,36296111,37171922,38041757,38928341
Albania,ALB,GDP growth (annual %),NY.GDP.MKTP.KD.ZG,3,4,4,2,-3,2876101,2873457,2866376,2854191,2837743
Algeria,DZA,GDP growth (annual %),NY.GDP.MKTP.KD.ZG,3,1,1,1,-5,40551398,41389174,42228415,43053054,43851043
American Samoa,ASM,GDP growth (annual %),NY.GDP.MKTP.KD.ZG,-2,-7,3,-1,0,55739,55617,55461,55312,55197
Andorra,AND,GDP growth (annual %),NY.GDP.MKTP.KD.ZG,4,0,2,2,-12,77295,76997,77008,77146,77265
Angola,AGO,GDP growth (annual %),NY.GDP.MKTP.KD.ZG,-3,0,-2,-1,-4,28842482,29816769,30809787,31825299,32866268
Antigua and Barbuda,ATG,GDP growth (annual %),NY.GDP.MKTP.KD.ZG,5,3,7,3,-16,94520,95425,96282,97115,97928
Argentina,ARG,GDP growth (annual %),NY.GDP.MKTP.KD.ZG,-2,3,-3,-2,-10,43590368,44044811,44494502,44938712,45376763
Armenia,ARM,GDP growth (annual %),NY.GDP.MKTP.KD.ZG,0,8,5,8,-8,2936147,2944789,2951741,2957728,2963234
Aruba,ABW,GDP growth (annual %),NY.GDP.MKTP.KD.ZG,2,2,0,0,0,104865,105361,105846,106310,106766
Australia,AUS,GDP growth (annual %),NY.GDP.MKTP.KD.ZG,3,2,3,2,0,24190907,24601860,24982688,25365745,25687041
Austria,AUT,GDP growth (annual %),NY.GDP.MKTP.KD.ZG,2,2,3,1,-7,8736668,8797566,8840521,8879920,8917205
Azerbaijan,AZE,GDP growth (annual %),NY.GDP.MKTP.KD.ZG,-3,0,2,2,-4,9757812,9854033,9939771,10024283,10110116
"Bahamas, The",BHS,GDP growth (annual %),NY.GDP.MKTP.KD.ZG,1,3,3,1,-16,377923,381749,385635,389486,393248
Bahrain,BHR,GDP growth (annual %),NY.GDP.MKTP.KD.ZG,4,4,2,2,-6,1425793,1494077,1569440,1641164,1701583
Bangladesh,BGD,GDP growth (annual %),NY.GDP.MKTP.KD.ZG,7,7,8,8,2,157977151,159685421,161376713,163046173,164689383
Barbados,BRB,GDP growth (annual %),NY.GDP.MKTP.KD.ZG,2,0,-1,0,-18,285798,286229,286640,287021,287371
Belarus,BLR,GDP growth (annual %),NY.GDP.MKTP.KD.ZG,-3,3,3,1,-1,9501534,9498264,9483499,9417849,9398861
Belgium,BEL,GDP growth (annual %),NY.GDP.MKTP.KD.ZG,1,2,2,2,-6,11331422,11375158,11427054,11488980,11555997
Belize,BLZ,GDP growth (annual %),NY.GDP.MKTP.KD.ZG,0,2,3,2,-14,368399,375775,383071,390351,397621
Benin,BEN,GDP growth (annual %),NY.GDP.MKTP.KD.ZG,3,6,7,7,4,10872072,11175192,11485035,11801151,12123198
Bermuda,BMU,GDP growth (annual %),NY.GDP.MKTP.KD.ZG,-1,4,0,0,0,64554,63873,63919,63913,63903
Bhutan,BTN,GDP growth (annual %),NY.GDP.MKTP.KD.ZG,8,5,3,5,-7,736706,745563,754396,763094,771612
Bolivia,BOL,GDP growth (annual %),NY.GDP.MKTP.KD.ZG,4,4,4,2,-8,11031822,11192853,11353140,11513102,11673029
Bosnia and Herzegovina,BIH,GDP growth (annual %),NY.GDP.MKTP.KD.ZG,3,3,4,3,-4,3386263,3351534,3323929,3300998,3280815
Botswana,BWA,GDP growth (annual %),NY.GDP.MKTP.KD.ZG,4,3,4,3,-8,2159925,2205076,2254067,2303703,2351625
Brazil,BRA,GDP growth (annual %),NY.GDP.MKTP.KD.ZG,-3,1,2,1,-4,206163056,207833825,209469320,211049519,212559409
British Virgin Islands,VGB,GDP growth (annual %),NY.GDP.MKTP.KD.ZG,0,0,0,0,0,29355,29567,29795,30033,30237
Brunei Darussalam,BRN,GDP growth (annual %),NY.GDP.MKTP.KD.ZG,-2,1,0,4,1,419791,424481,428960,433296,437483
Bulgaria,BGR,GDP growth (annual %),NY.GDP.MKTP.KD.ZG,4,4,3,4,-4,7127822,7075947,7025037,6975761,6927288
Burkina Faso,BFA,GDP growth (annual %),NY.GDP.MKTP.KD.ZG,6,6,7,6,2,18646350,19193236,19751466,20321383,20903278
Burundi,BDI,GDP growth (annual %),NY.GDP.MKTP.KD.ZG,-1,1,2,2,0,10488002,10827010,11175379,11530577,11890781
Cabo Verde,CPV,GDP growth (annual %),NY.GDP.MKTP.KD.ZG,5,4,5,6,-15,531140,537499,543764,549936,555988
Cambodia,KHM,GDP growth (annual %),NY.GDP.MKTP.KD.ZG,7,7,7,7,-3,15766290,16009413,16249795,16486542,16718971
Cameroon,CMR,GDP growth (annual %),NY.GDP.MKTP.KD.ZG,5,4,4,4,1,23926549,24566070,25216261,25876387,26545864
Canada,CAN,GDP growth (annual %),NY.GDP.MKTP.KD.ZG,1,3,2,2,-5,36109487,36545295,37065178,37593384,38005238
Cayman Islands,CYM,GDP growth (annual %),NY.GDP.MKTP.KD.ZG,3,3,4,4,0,62564,63382,64172,64948,65720
Central African Republic,CAF,GDP growth (annual %),NY.GDP.MKTP.KD.ZG,5,5,4,3,0,4537683,4596023,4666375,4745179,4829764
Chad,TCD,GDP growth (annual %),NY.GDP.MKTP.KD.ZG,-6,-3,2,3,-1,14561658,15016761,15477727,15946882,16425859
Channel Islands,CHI,GDP growth (annual %),NY.GDP.MKTP.KD.ZG,0,0,0,0,0,166922,168666,170496,172264,173859
Chile,CHL,GDP growth (annual %),NY.GDP.MKTP.KD.ZG,2,1,4,1,-6,18209072,18470435,18729166,18952035,19116209
China,CHN,GDP growth (annual %),NY.GDP.MKTP.KD.ZG,7,7,7,6,2,1378665000,1386395000,1392730000,1397715000,1402112000
Colombia,COL,GDP growth (annual %),NY.GDP.MKTP.KD.ZG,2,1,3,3,-7,48175048,48909844,49661056,50339443,50882884
Comoros,COM,GDP growth (annual %),NY.GDP.MKTP.KD.ZG,3,4,3,2,5,795597,813890,832322,850891,869595
"Congo, Dem. Rep.",COD,GDP growth (annual %),NY.GDP.MKTP.KD.ZG,2,4,6,4,1,78789130,81398765,84068092,86790568,89561404
"Congo, Rep.",COG,GDP growth (annual %),NY.GDP.MKTP.KD.ZG,-11,-4,-5,0,-8,4980996,5110701,5244363,5380504,5518092
Costa Rica,CRI,GDP growth (annual %),NY.GDP.MKTP.KD.ZG,4,4,2,2,-5,4899336,4949955,4999443,5047561,5094114
Cote d'Ivoire,CIV,GDP growth (annual %),NY.GDP.MKTP.KD.ZG,7,7,7,6,2,23822726,24437475,25069226,25716554,26378275
Croatia,HRV,GDP growth (annual %),NY.GDP.MKTP.KD.ZG,3,3,3,3,-8,4174349,4124531,4087843,4065253,4047200
Cuba,CUB,GDP growth (annual %),NY.GDP.MKTP.KD.ZG,1,2,2,0,0,11335108,11339255,11338146,11333484,11326616
Curacao,CUW,GDP growth (annual %),NY.GDP.MKTP.KD.ZG,-1,-2,-2,-3,0,159664,160175,159336,157441,155014
Cyprus,CYP,GDP growth (annual %),NY.GDP.MKTP.KD.ZG,6,5,5,3,-5,1170189,1179685,1189262,1198574,1207361
Czech Republic,CZE,GDP growth (annual %),NY.GDP.MKTP.KD.ZG,3,5,3,2,-6,10566332,10594438,10629928,10671870,10698896
Denmark,DNK,GDP growth (annual %),NY.GDP.MKTP.KD.ZG,3,3,2,3,-3,5728010,5764980,5793636,5814422,5831404
Djibouti,DJI,GDP growth (annual %),NY.GDP.MKTP.KD.ZG,7,5,8,8,0,929117,944100,958923,973557,988002
Dominica,DMA,GDP growth (annual %),NY.GDP.MKTP.KD.ZG,3,-7,2,3,-17,71307,71460,71626,71808,71991
Dominican Republic,DOM,GDP growth (annual %),NY.GDP.MKTP.KD.ZG,7,5,7,5,-7,10397738,10513111,10627147,10738957,10847904
Ecuador,ECU,GDP growth (annual %),NY.GDP.MKTP.KD.ZG,-1,2,1,0,-8,16491116,16785356,17084359,17373657,17643060
"Egypt, Arab Rep.",EGY,GDP growth (annual %),NY.GDP.MKTP.KD.ZG,4,4,5,6,4,94447071,96442590,98423602,100388076,102334403
El Salvador,SLV,GDP growth (annual %),NY.GDP.MKTP.KD.ZG,3,2,2,3,-8,6356137,6388124,6420740,6453550,6486201
Equatorial Guinea,GNQ,GDP growth (annual %),NY.GDP.MKTP.KD.ZG,-9,-6,-6,-6,-5,1215181,1262008,1308966,1355982,1402985
Eritrea,ERI,GDP growth (annual %),NY.GDP.MKTP.KD.ZG,0,0,0,0,0,0,0,0,0,0
Estonia,EST,GDP growth (annual %),NY.GDP.MKTP.KD.ZG,3,5,4,5,-3,1315790,1317384,1321977,1326898,1331057
Eswatini,SWZ,GDP growth (annual %),NY.GDP.MKTP.KD.ZG,1,2,2,2,-2,103603461,106399926,109224410,112078727,114963583
Ethiopia,ETH,GDP growth (annual %),NY.GDP.MKTP.KD.ZG,9,10,7,8,6,48173,48326,48497,48677,48865
Faroe Islands,FRO,GDP growth (annual %),NY.GDP.MKTP.KD.ZG,0,0,0,0,0,872406,877460,883490,889955,896444
Fiji,FJI,GDP growth (annual %),NY.GDP.MKTP.KD.ZG,2,5,4,0,-19,5495303,5508214,5515525,5521606,5530719
Finland,FIN,GDP growth (annual %),NY.GDP.MKTP.KD.ZG,3,3,1,1,-3,66724104,66918020,67101930,67248926,67391582
France,FRA,GDP growth (annual %),NY.GDP.MKTP.KD.ZG,1,2,2,2,-8,274576,276108,277673,279285,280904
French Polynesia,PYF,GDP growth (annual %),NY.GDP.MKTP.KD.ZG,0,0,0,0,0,2007882,2064812,2119275,2172578,2225728
Gabon,GAB,GDP growth (annual %),NY.GDP.MKTP.KD.ZG,2,0,1,4,-1,2149134,2213900,2280092,2347696,2416664
"Gambia, The",GMB,GDP growth (annual %),NY.GDP.MKTP.KD.ZG,2,5,7,6,0,3727505,3728004,3726549,3720161,3714000
Georgia,GEO,GDP growth (annual %),NY.GDP.MKTP.KD.ZG,3,5,5,5,-6,82348669,82657002,82905782,83092962,83240525
Germany,DEU,GDP growth (annual %),NY.GDP.MKTP.KD.ZG,2,3,1,1,-5,28481947,29121464,29767108,30417858,31072945
Ghana,GHA,GDP growth (annual %),NY.GDP.MKTP.KD.ZG,3,8,6,7,0,33738,33723,33715,33706,33691
Gibraltar,GIB,GDP growth (annual %),NY.GDP.MKTP.KD.ZG,0,0,0,0,0,10775971,10754679,10732882,10721582,10715549
Greece,GRC,GDP growth (annual %),NY.GDP.MKTP.KD.ZG,0,1,2,2,-8,56186,56172,56023,56225,56367
Greenland,GRL,GDP growth (annual %),NY.GDP.MKTP.KD.ZG,5,0,3,0,0,110263,110874,111449,112002,112519
Grenada,GRD,GDP growth (annual %),NY.GDP.MKTP.KD.ZG,4,4,4,2,-11,162948,164281,165770,167295,168783
Guam,GUM,GDP growth (annual %),NY.GDP.MKTP.KD.ZG,0,1,-1,2,0,15827690,16087418,16346950,16604026,16858333
Guatemala,GTM,GDP growth (annual %),NY.GDP.MKTP.KD.ZG,3,3,3,4,-2,11738434,12067516,12414292,12771246,13132792
Guinea,GIN,GDP growth (annual %),NY.GDP.MKTP.KD.ZG,11,10,6,6,7,1782434,1828146,1874304,1920917,1967998
Guinea-Bissau,GNB,GDP growth (annual %),NY.GDP.MKTP.KD.ZG,6,6,1,4,-2,771363,775218,779007,782775,786559
Guyana,GUY,GDP growth (annual %),NY.GDP.MKTP.KD.ZG,4,4,4,5,43,10839976,10982367,11123183,11263079,11402533
Haiti,HTI,GDP growth (annual %),NY.GDP.MKTP.KD.ZG,2,2,2,-2,-3,9270794,9429016,9587523,9746115,9904608
Honduras,HND,GDP growth (annual %),NY.GDP.MKTP.KD.ZG,4,5,4,3,-9,7336600,7391700,7451000,7507400,7481800
"Hong Kong SAR, China",HKG,GDP growth (annual %),NY.GDP.MKTP.KD.ZG,2,4,3,-2,-6,9814023,9787966,9775564,9771141,9749763
Hungary,HUN,GDP growth (annual %),NY.GDP.MKTP.KD.ZG,2,4,5,5,-5,335439,343400,352721,360563,366425
Iceland,ISL,GDP growth (annual %),NY.GDP.MKTP.KD.ZG,6,4,5,3,-7,1324517250,1338676779,1352642283,1366417756,1380004385
India,IND,GDP growth (annual %),NY.GDP.MKTP.KD.ZG,8,7,7,4,-8,261556386,264650969,267670549,270625567,273523621
Indonesia,IDN,GDP growth (annual %),NY.GDP.MKTP.KD.ZG,5,5,5,5,-2,79563991,80673888,81800204,82913893,83992953
"Iran, Islamic Rep.",IRN,GDP growth (annual %),NY.GDP.MKTP.KD.ZG,13,4,-6,-7,2,36610632,37552789,38433604,39309789,40222503
Iraq,IRQ,GDP growth (annual %),NY.GDP.MKTP.KD.ZG,14,-2,-1,4,-10,4755335,4807388,4867316,4934340,4994724
Ireland,IRL,GDP growth (annual %),NY.GDP.MKTP.KD.ZG,2,9,9,6,3,83296,83610,84073,84589,85032
Isle of Man,IMN,GDP growth (annual %),NY.GDP.MKTP.KD.ZG,7,3,2,0,0,8546000,8713300,8882800,9054000,9216900
Israel,ISR,GDP growth (annual %),NY.GDP.MKTP.KD.ZG,4,4,3,3,-2,60627498,60536709,60421760,59729081,59554023
Italy,ITA,GDP growth (annual %),NY.GDP.MKTP.KD.ZG,1,2,1,0,-9,2906242,2920848,2934853,2948277,2961161
Jamaica,JAM,GDP growth (annual %),NY.GDP.MKTP.KD.ZG,1,1,2,1,-10,126994511,126785797,126529100,126264931,125836021
Japan,JPN,GDP growth (annual %),NY.GDP.MKTP.KD.ZG,1,2,0,0,0,9554286,9785840,9965322,10101697,10203140
Jordan,JOR,GDP growth (annual %),NY.GDP.MKTP.KD.ZG,2,2,2,2,-2,17794055,18037776,18276452,18513673,18754440
Kazakhstan,KAZ,GDP growth (annual %),NY.GDP.MKTP.KD.ZG,1,4,4,5,-3,49051531,50221146,51392570,52573967,53771300
Kenya,KEN,GDP growth (annual %),NY.GDP.MKTP.KD.ZG,6,5,6,5,0,112529,114153,115842,117608,119446
Kiribati,KIR,GDP growth (annual %),NY.GDP.MKTP.KD.ZG,5,1,2,2,3,25307665,25429816,25549606,25666158,25778815
"Korea, Dem. People's Rep.",PRK,GDP growth (annual %),NY.GDP.MKTP.KD.ZG,0,0,0,0,0,51217803,51361911,51606633,51709098,51780579
"Korea, Rep.",KOR,GDP growth (annual %),NY.GDP.MKTP.KD.ZG,3,3,3,2,-1,1777557,1791003,1797085,1788878,1775378
Kosovo,XKX,GDP growth (annual %),NY.GDP.MKTP.KD.ZG,4,4,4,5,-7,3956862,4056102,4137314,4207077,4270563
Kuwait,KWT,GDP growth (annual %),NY.GDP.MKTP.KD.ZG,3,-5,1,0,0,6079500,6198200,6322800,6456200,6591600
Kyrgyz Republic,KGZ,GDP growth (annual %),NY.GDP.MKTP.KD.ZG,4,5,4,5,-9,6845848,6953031,7061498,7169456,7275556
Lao PDR,LAO,GDP growth (annual %),NY.GDP.MKTP.KD.ZG,7,7,6,5,0,1959537,1942248,1927174,1913822,1901548
Latvia,LVA,GDP growth (annual %),NY.GDP.MKTP.KD.ZG,2,3,4,2,-4,6714281,6819373,6859408,6855709,6825442
Lebanon,LBN,GDP growth (annual %),NY.GDP.MKTP.KD.ZG,2,1,-2,-7,-20,2075041,2091532,2108327,2125267,2142252
Lesotho,LSO,GDP growth (annual %),NY.GDP.MKTP.KD.ZG,4,-3,-1,0,-11,4586788,4702224,4818976,4937374,5057677
Liberia,LBR,GDP growth (annual %),NY.GDP.MKTP.KD.ZG,-2,2,1,-2,-3,6492160,6580723,6678565,6777453,6871287
Libya,LBY,GDP growth (annual %),NY.GDP.MKTP.KD.ZG,-3,27,15,3,-31,37655,37805,37918,38020,38137
Liechtenstein,LIE,GDP growth (annual %),NY.GDP.MKTP.KD.ZG,0,0,0,0,0,2868231,2828403,2801543,2794137,2794700
Lithuania,LTU,GDP growth (annual %),NY.GDP.MKTP.KD.ZG,3,4,4,4,-1,582014,596336,607950,620001,632275
Luxembourg,LUX,GDP growth (annual %),NY.GDP.MKTP.KD.ZG,5,2,3,2,-1,612824,622578,631633,640446,649342
"Macao SAR, China",MAC,GDP growth (annual %),NY.GDP.MKTP.KD.ZG,-1,10,6,-3,-56,2080746,2081996,2082957,2083458,2083380
Madagascar,MDG,GDP growth (annual %),NY.GDP.MKTP.KD.ZG,4,4,3,4,-4,24894370,25570511,26262313,26969306,27691019
Malawi,MWI,GDP growth (annual %),NY.GDP.MKTP.KD.ZG,2,4,4,6,1,17205253,17670193,18143215,18628749,19129955
Malaysia,MYS,GDP growth (annual %),NY.GDP.MKTP.KD.ZG,4,6,5,4,-6,30684652,31104655,31528033,31949789,32365998
Maldives,MDV,GDP growth (annual %),NY.GDP.MKTP.KD.ZG,6,7,8,7,-32,475505,496398,515704,530957,540542
Mali,MLI,GDP growth (annual %),NY.GDP.MKTP.KD.ZG,6,5,5,5,-2,17965448,18512429,19077755,19658023,20250834
Malta,MLT,GDP growth (annual %),NY.GDP.MKTP.KD.ZG,4,8,5,6,-7,455356,467999,484630,504062,525285
Marshall Islands,MHL,GDP growth (annual %),NY.GDP.MKTP.KD.ZG,1,3,3,7,0,57723,58053,58412,58791,59194
Mauritania,MRT,GDP growth (annual %),NY.GDP.MKTP.KD.ZG,1,3,2,6,-1,4163532,4282582,4403312,4525698,4649660
Mauritius,MUS,GDP growth (annual %),NY.GDP.MKTP.KD.ZG,4,4,4,3,-15,1263473,1264613,1265303,1265711,1265740
Mexico,MEX,GDP growth (annual %),NY.GDP.MKTP.KD.ZG,3,2,2,0,-8,123333379,124777326,126190782,127575529,128932753
"Micronesia, Fed. Sts.",FSM,GDP growth (annual %),NY.GDP.MKTP.KD.ZG,1,3,0,1,0,110215,111461,112640,113811,115021
Moldova,MDA,GDP growth (annual %),NY.GDP.MKTP.KD.ZG,4,5,4,4,-7,2802170,2755158,2708214,2663251,2617820
Monaco,MCO,GDP growth (annual %),NY.GDP.MKTP.KD.ZG,4,-3,6,8,0,38070,38392,38682,38967,39244
Mongolia,MNG,GDP growth (annual %),NY.GDP.MKTP.KD.ZG,1,5,7,5,-5,3056358,3113788,3170214,3225166,3278292
Montenegro,MNE,GDP growth (annual %),NY.GDP.MKTP.KD.ZG,3,5,5,4,-15,622303,622373,622227,622028,621718
Morocco,MAR,GDP growth (annual %),NY.GDP.MKTP.KD.ZG,1,4,3,2,-7,35126274,35581257,36029089,36471766,36910558
Mozambique,MOZ,GDP growth (annual %),NY.GDP.MKTP.KD.ZG,4,4,3,2,-1,27829930,28649007,29496009,30366043,31255435
Myanmar,MMR,GDP growth (annual %),NY.GDP.MKTP.KD.ZG,6,6,7,2,-10,53045199,53382521,53708318,54045422,54409794
Namibia,NAM,GDP growth (annual %),NY.GDP.MKTP.KD.ZG,0,-1,1,-1,-8,2358044,2402623,2448300,2494524,2540916
Nauru,NRU,GDP growth (annual %),NY.GDP.MKTP.KD.ZG,4,-6,6,0,0,10474,10577,10678,10764,10834
Nepal,NPL,GDP growth (annual %),NY.GDP.MKTP.KD.ZG,0,9,8,7,-2,27263430,27632682,28095712,28608715,29136808
Netherlands,NLD,GDP growth (annual %),NY.GDP.MKTP.KD.ZG,2,3,2,2,-4,17030314,17131296,17231624,17344874,17441139
New Caledonia,NCL,GDP growth (annual %),NY.GDP.MKTP.KD.ZG,0,0,0,0,0,269350,270000,270650,271300,271960
New Zealand,NZL,GDP growth (annual %),NY.GDP.MKTP.KD.ZG,4,4,3,2,1,4714100,4813600,4900600,4979300,5084300
Nicaragua,NIC,GDP growth (annual %),NY.GDP.MKTP.KD.ZG,5,5,-3,-4,-2,6303970,6384843,6465502,6545503,6624554
Niger,NER,GDP growth (annual %),NY.GDP.MKTP.KD.ZG,6,5,7,6,2,20788789,21602388,22442831,23310719,24206636
Nigeria,NGA,GDP growth (annual %),NY.GDP.MKTP.KD.ZG,-2,1,2,2,-2,185960244,190873247,195874685,200963603,206139587
North Macedonia,MKD,GDP growth (annual %),NY.GDP.MKTP.KD.ZG,3,1,3,3,-5,56187,56553,56889,57213,57557
Northern Mariana Islands,MNP,GDP growth (annual %),NY.GDP.MKTP.KD.ZG,29,23,-19,-11,0,5234519,5276968,5311916,5347896,5379475
Norway,NOR,GDP growth (annual %),NY.GDP.MKTP.KD.ZG,1,2,1,1,-1,4479217,4665926,4829476,4974992,5106622
Oman,OMN,GDP growth (annual %),NY.GDP.MKTP.KD.ZG,5,0,1,-1,0,203631356,207906210,212228288,216565317,220892331
Pakistan,PAK,GDP growth (annual %),NY.GDP.MKTP.KD.ZG,6,6,6,1,1,17718,17809,17911,18001,18092
Palau,PLW,GDP growth (annual %),NY.GDP.MKTP.KD.ZG,0,-2,4,-4,0,4037073,4106764,4176868,4246440,4314768
Panama,PAN,GDP growth (annual %),NY.GDP.MKTP.KD.ZG,5,6,4,3,-18,8271766,8438038,8606324,8776119,8947027
Papua New Guinea,PNG,GDP growth (annual %),NY.GDP.MKTP.KD.ZG,5,4,0,6,-4,6777878,6867058,6956069,7044639,7132530
Paraguay,PRY,GDP growth (annual %),NY.GDP.MKTP.KD.ZG,4,5,3,0,-1,30926036,31444299,31989265,32510462,32971846
Peru,PER,GDP growth (annual %),NY.GDP.MKTP.KD.ZG,4,3,4,2,-11,103663812,105172921,106651394,108116622,109581085
Philippines,PHL,GDP growth (annual %),NY.GDP.MKTP.KD.ZG,7,7,6,6,-10,37970087,37974826,37974750,37965475,37950802
Poland,POL,GDP growth (annual %),NY.GDP.MKTP.KD.ZG,3,5,5,5,-3,10325452,10300300,10283822,10286263,10305564
Portugal,PRT,GDP growth (annual %),NY.GDP.MKTP.KD.ZG,2,4,3,2,-8,3406672,3325286,3193354,3193694,3194034
Puerto Rico,PRI,GDP growth (annual %),NY.GDP.MKTP.KD.ZG,-1,-3,-4,1,-4,2654379,2724727,2781682,2832071,2881060
Qatar,QAT,GDP growth (annual %),NY.GDP.MKTP.KD.ZG,3,-1,1,1,-4,19702267,19588715,19473970,19371648,19286123
Romania,ROU,GDP growth (annual %),NY.GDP.MKTP.KD.ZG,5,7,4,4,-4,144342397,144496739,144477859,144406261,144104080
Russian Federation,RUS,GDP growth (annual %),NY.GDP.MKTP.KD.ZG,0,2,3,2,-3,11668829,11980960,12301969,12626938,12952209
Rwanda,RWA,GDP growth (annual %),NY.GDP.MKTP.KD.ZG,6,4,9,9,-3,194540,195358,196128,197093,198410
Samoa,WSM,GDP growth (annual %),NY.GDP.MKTP.KD.ZG,8,1,-2,4,-3,33503,33671,33784,33864,33938
San Marino,SMR,GDP growth (annual %),NY.GDP.MKTP.KD.ZG,2,0,2,2,0,203221,207086,211032,215048,219161
Sao Tome and Principe,STP,GDP growth (annual %),NY.GDP.MKTP.KD.ZG,4,4,3,2,3,32443443,33101183,33702757,34268529,34813867
Saudi Arabia,SAU,GDP growth (annual %),NY.GDP.MKTP.KD.ZG,2,-1,2,0,-4,14993514,15419354,15854324,16296362,16743930
Senegal,SEN,GDP growth (annual %),NY.GDP.MKTP.KD.ZG,6,7,6,4,1,7058322,7020858,6982604,6945235,6908224
Serbia,SRB,GDP growth (annual %),NY.GDP.MKTP.KD.ZG,3,2,4,4,-1,94677,95843,96762,97625,98462
Seychelles,SYC,GDP growth (annual %),NY.GDP.MKTP.KD.ZG,5,5,1,2,-11,7328846,7488427,7650149,7813207,7976985
Sierra Leone,SLE,GDP growth (annual %),NY.GDP.MKTP.KD.ZG,6,4,3,6,-2,5607283,5612253,5638676,5703569,5685807
Singapore,SGP,GDP growth (annual %),NY.GDP.MKTP.KD.ZG,3,5,3,1,-5,39969,40574,40654,40733,40812
Sint Maarten (Dutch part),SXM,GDP growth (annual %),NY.GDP.MKTP.KD.ZG,0,-6,-7,0,0,5430798,5439232,5446771,5454147,5458827
Slovak Republic,SVK,GDP growth (annual %),NY.GDP.MKTP.KD.ZG,2,3,4,3,-5,2065042,2066388,2073894,2088385,2100126
Slovenia,SVN,GDP growth (annual %),NY.GDP.MKTP.KD.ZG,3,5,4,3,-6,619438,636030,652856,669821,686878
Solomon Islands,SLB,GDP growth (annual %),NY.GDP.MKTP.KD.ZG,6,5,4,1,-4,14185635,14589165,15008225,15442906,15893219
Somalia,SOM,GDP growth (annual %),NY.GDP.MKTP.KD.ZG,3,1,3,3,-1,56207649,57009751,57792520,58558267,59308690
South Africa,ZAF,GDP growth (annual %),NY.GDP.MKTP.KD.ZG,0,1,1,0,-7,10832520,10910774,10975924,11062114,11193729
South Sudan,SSD,GDP growth (annual %),NY.GDP.MKTP.KD.ZG,0,0,0,0,0,46484062,46593236,46797754,47133521,47351567
Spain,ESP,GDP growth (annual %),NY.GDP.MKTP.KD.ZG,3,3,2,2,-11,21203000,21444000,21670000,21803000,21919000
Sri Lanka,LKA,GDP growth (annual %),NY.GDP.MKTP.KD.ZG,4,4,3,2,-4,51629,52036,52438,52834,53192
St. Kitts and Nevis,KNA,GDP growth (annual %),NY.GDP.MKTP.KD.ZG,3,-2,3,2,-11,180028,180955,181890,182795,183629
St. Lucia,LCA,GDP growth (annual %),NY.GDP.MKTP.KD.ZG,4,3,3,2,-20,36061,36569,37264,38002,38659
St. Martin (French part),MAF,GDP growth (annual %),NY.GDP.MKTP.KD.ZG,0,0,0,0,0,109467,109826,110210,110593,110947
St. Vincent and the Grenadines,VCT,GDP growth (annual %),NY.GDP.MKTP.KD.ZG,2,1,2,0,-3,39847433,40813398,41801532,42813237,43849269
Sudan,SDN,GDP growth (annual %),NY.GDP.MKTP.KD.ZG,4,5,3,-1,-2,564883,570501,575987,581363,586634
Suriname,SUR,GDP growth (annual %),NY.GDP.MKTP.KD.ZG,-5,2,5,1,-15,1113994,1124808,1136274,1148133,1160164
Sweden,SWE,GDP growth (annual %),NY.GDP.MKTP.KD.ZG,2,3,2,1,-3,9923085,10057698,10175214,10278887,10353442
Switzerland,CHE,GDP growth (annual %),NY.GDP.MKTP.KD.ZG,2,2,3,1,-3,8373338,8451840,8514329,8575280,8636896
Syrian Arab Republic,SYR,GDP growth (annual %),NY.GDP.MKTP.KD.ZG,0,0,0,0,0,17465567,17095669,16945062,17070132,17500657
Tajikistan,TJK,GDP growth (annual %),NY.GDP.MKTP.KD.ZG,7,7,8,7,4,8663575,8880270,9100847,9321023,9537642
Tanzania,TZA,GDP growth (annual %),NY.GDP.MKTP.KD.ZG,7,7,5,6,2,53049231,54660345,56313444,58005461,59734213
Thailand,THA,GDP growth (annual %),NY.GDP.MKTP.KD.ZG,3,4,4,2,-6,68971313,69209817,69428454,69625581,69799978
Timor-Leste,TLS,GDP growth (annual %),NY.GDP.MKTP.KD.ZG,3,-4,-1,19,-9,1219289,1243260,1267975,1293120,1318442
Togo,TGO,GDP growth (annual %),NY.GDP.MKTP.KD.ZG,6,4,5,5,2,7509952,7698476,7889095,8082359,8278737
Tonga,TON,GDP growth (annual %),NY.GDP.MKTP.KD.ZG,7,3,0,1,0,101143,102002,103199,104497,105697
Trinidad and Tobago,TTO,GDP growth (annual %),NY.GDP.MKTP.KD.ZG,-6,-3,0,-1,-8,1377563,1384060,1389841,1394969,1399491
Tunisia,TUN,GDP growth (annual %),NY.GDP.MKTP.KD.ZG,1,2,3,1,-9,11303942,11433438,11565203,11694721,11818618
Turkey,TUR,GDP growth (annual %),NY.GDP.MKTP.KD.ZG,3,8,3,1,2,79827868,81116451,82340090,83429607,84339067
Turkmenistan,TKM,GDP growth (annual %),NY.GDP.MKTP.KD.ZG,6,7,6,6,0,5662371,5757667,5850902,5942094,6031187
Turks and Caicos Islands,TCA,GDP growth (annual %),NY.GDP.MKTP.KD.ZG,7,-2,6,5,-27,36558,37116,37667,38194,38718
Tuvalu,TUV,GDP growth (annual %),NY.GDP.MKTP.KD.ZG,3,4,2,10,4,11232,11365,11505,11655,11792
Uganda,UGA,GDP growth (annual %),NY.GDP.MKTP.KD.ZG,5,4,6,7,3,39649173,41166588,42729032,44269587,45741000
Ukraine,UKR,GDP growth (annual %),NY.GDP.MKTP.KD.ZG,2,2,3,3,-4,45004673,44831135,44622518,44386203,44134693
United Arab Emirates,ARE,GDP growth (annual %),NY.GDP.MKTP.KD.ZG,3,2,1,2,0,9360975,9487206,9630966,9770526,9890400
United Kingdom,GBR,GDP growth (annual %),NY.GDP.MKTP.KD.ZG,2,2,1,1,-10,65611593,66058859,66460344,66836327,67215293
United States,USA,GDP growth (annual %),NY.GDP.MKTP.KD.ZG,2,2,3,2,-3,323071755,325122128,326838199,328329953,329484123
Uruguay,URY,GDP growth (annual %),NY.GDP.MKTP.KD.ZG,2,2,0,0,-6,3424139,3436645,3449290,3461731,3473727
Uzbekistan,UZB,GDP growth (annual %),NY.GDP.MKTP.KD.ZG,6,4,5,6,2,31847900,32388600,32956100,33580350,34232050
Vanuatu,VUT,GDP growth (annual %),NY.GDP.MKTP.KD.ZG,5,6,3,3,-9,278326,285499,292675,299882,307150
"Venezuela, RB",VEN,GDP growth (annual %),NY.GDP.MKTP.KD.ZG,0,0,0,0,0,29851249,29402480,28887117,28515829,28435943
Vietnam,VNM,GDP growth (annual %),NY.GDP.MKTP.KD.ZG,6,7,7,7,3,93640435,94600643,95545959,96462108,97338583
Virgin Islands (U.S.),VIR,GDP growth (annual %),NY.GDP.MKTP.KD.ZG,1,-1,2,0,0,107516,107281,107001,106669,106290
West Bank and Gaza,PSE,GDP growth (annual %),NY.GDP.MKTP.KD.ZG,9,1,1,1,-11,4367088,4454805,4569087,4685306,4803269
"Yemen, Rep.",YEM,GDP growth (annual %),NY.GDP.MKTP.KD.ZG,-9,-5,1,0,0,27168210,27834811,28498683,29161922,29825968
Zambia,ZMB,GDP growth (annual %),NY.GDP.MKTP.KD.ZG,4,4,4,1,-3,16363449,16853608,17351714,17861034,18383956
Zimbabwe,ZWE,GDP growth (annual %),NY.GDP.MKTP.KD.ZG,1,5,3,-8,-8,14030338,14236599,14438812,14645473,14862927
,,,,,,,,,,,,,
,,,,,,,,,,,,,
,,,,,,,,,,,,,
Data from database: World Development Indicators,,,,,,,,,,,,,
Last Updated: 09/15/2021,,,,,,,,,,,,,